Difficulty,Trial,Solver,Time(ms),Steps,NodesExpanded,MemoryUsed(bytes),Seed,BoardState
1,1,Greedy Best-First Search,23,1,3,28514784,1746611419992,"[1, 2, 3, 4, 5, 6, 7, 8, 9, 10, 11, 12, 13, 14, 0, 15]"
1,1,A* Search,15,1,3,27908032,1746611419992,"[1, 2, 3, 4, 5, 6, 7, 8, 9, 10, 11, 12, 13, 14, 0, 15]"
1,2,Greedy Best-First Search,11,1,3,27911904,1746611420050,"[1, 2, 3, 4, 5, 6, 7, 8, 9, 10, 11, 12, 13, 14, 0, 15]"
1,2,A* Search,10,1,3,27914944,1746611420050,"[1, 2, 3, 4, 5, 6, 7, 8, 9, 10, 11, 12, 13, 14, 0, 15]"
1,3,Greedy Best-First Search,11,1,3,27562104,1746611420075,"[1, 2, 3, 4, 5, 6, 7, 8, 9, 10, 11, 0, 13, 14, 15, 12]"
1,3,A* Search,10,1,3,27556872,1746611420075,"[1, 2, 3, 4, 5, 6, 7, 8, 9, 10, 11, 0, 13, 14, 15, 12]"
1,4,Greedy Best-First Search,11,1,3,27906400,1746611420101,"[1, 2, 3, 4, 5, 6, 7, 8, 9, 10, 11, 0, 13, 14, 15, 12]"
1,4,A* Search,12,1,3,27897520,1746611420101,"[1, 2, 3, 4, 5, 6, 7, 8, 9, 10, 11, 0, 13, 14, 15, 12]"
1,5,Greedy Best-First Search,15,1,3,27559864,1746611420128,"[1, 2, 3, 4, 5, 6, 7, 8, 9, 10, 11, 12, 13, 14, 0, 15]"
1,5,A* Search,12,1,3,27897232,1746611420128,"[1, 2, 3, 4, 5, 6, 7, 8, 9, 10, 11, 12, 13, 14, 0, 15]"
2,1,Greedy Best-First Search,11,2,6,27559888,1746611420159,"[1, 2, 3, 4, 5, 6, 7, 8, 9, 10, 0, 11, 13, 14, 15, 12]"
2,1,A* Search,12,2,6,27559840,1746611420159,"[1, 2, 3, 4, 5, 6, 7, 8, 9, 10, 0, 11, 13, 14, 15, 12]"
2,2,Greedy Best-First Search,12,2,6,27556448,1746611420187,"[1, 2, 3, 4, 5, 6, 7, 8, 9, 10, 0, 11, 13, 14, 15, 12]"
2,2,A* Search,10,2,6,27565048,1746611420187,"[1, 2, 3, 4, 5, 6, 7, 8, 9, 10, 0, 11, 13, 14, 15, 12]"
2,3,Greedy Best-First Search,12,2,6,27219136,1746611420213,"[1, 2, 3, 4, 5, 6, 7, 8, 9, 10, 0, 11, 13, 14, 15, 12]"
2,3,A* Search,11,2,6,27561608,1746611420213,"[1, 2, 3, 4, 5, 6, 7, 8, 9, 10, 0, 11, 13, 14, 15, 12]"
2,4,Greedy Best-First Search,11,2,6,27900848,1746611420241,"[1, 2, 3, 4, 5, 6, 7, 8, 9, 10, 0, 11, 13, 14, 15, 12]"
2,4,A* Search,11,2,6,27899040,1746611420241,"[1, 2, 3, 4, 5, 6, 7, 8, 9, 10, 0, 11, 13, 14, 15, 12]"
2,5,Greedy Best-First Search,12,2,6,27559872,1746611420267,"[1, 2, 3, 4, 5, 6, 7, 8, 9, 10, 0, 11, 13, 14, 15, 12]"
2,5,A* Search,10,2,6,27556088,1746611420267,"[1, 2, 3, 4, 5, 6, 7, 8, 9, 10, 0, 11, 13, 14, 15, 12]"
3,1,Greedy Best-First Search,12,3,8,28245280,1746611420293,"[1, 2, 3, 4, 5, 6, 7, 8, 9, 10, 15, 11, 13, 14, 0, 12]"
3,1,A* Search,13,3,8,27218960,1746611420293,"[1, 2, 3, 4, 5, 6, 7, 8, 9, 10, 15, 11, 13, 14, 0, 12]"
3,2,Greedy Best-First Search,12,3,9,27903344,1746611420322,"[1, 2, 3, 4, 5, 6, 7, 8, 9, 0, 10, 12, 13, 14, 11, 15]"
3,2,A* Search,11,3,9,27559512,1746611420322,"[1, 2, 3, 4, 5, 6, 7, 8, 9, 0, 10, 12, 13, 14, 11, 15]"
3,3,Greedy Best-First Search,11,3,8,27900880,1746611420350,"[1, 2, 3, 4, 5, 6, 7, 8, 9, 10, 12, 0, 13, 14, 11, 15]"
3,3,A* Search,11,3,8,27065200,1746611420350,"[1, 2, 3, 4, 5, 6, 7, 8, 9, 10, 12, 0, 13, 14, 11, 15]"
3,4,Greedy Best-First Search,10,3,9,27902320,1746611420376,"[1, 2, 3, 4, 5, 6, 0, 8, 9, 10, 7, 12, 13, 14, 11, 15]"
3,4,A* Search,11,3,9,27900592,1746611420376,"[1, 2, 3, 4, 5, 6, 0, 8, 9, 10, 7, 12, 13, 14, 11, 15]"
3,5,Greedy Best-First Search,11,3,8,27556456,1746611420400,"[1, 2, 3, 4, 5, 6, 7, 8, 9, 10, 12, 0, 13, 14, 11, 15]"
3,5,A* Search,10,3,8,28246544,1746611420400,"[1, 2, 3, 4, 5, 6, 7, 8, 9, 10, 12, 0, 13, 14, 11, 15]"
4,1,Greedy Best-First Search,12,4,9,27899744,1746611420426,"[1, 2, 3, 4, 5, 6, 7, 8, 9, 10, 12, 15, 13, 14, 11, 0]"
4,1,A* Search,10,4,9,27901184,1746611420426,"[1, 2, 3, 4, 5, 6, 7, 8, 9, 10, 12, 15, 13, 14, 11, 0]"
4,2,Greedy Best-First Search,10,4,9,27562552,1746611420452,"[1, 2, 3, 4, 5, 6, 7, 8, 9, 10, 12, 15, 13, 14, 11, 0]"
4,2,A* Search,10,4,9,27559344,1746611420452,"[1, 2, 3, 4, 5, 6, 7, 8, 9, 10, 12, 15, 13, 14, 11, 0]"
4,3,Greedy Best-First Search,11,4,10,27561392,1746611420477,"[1, 2, 3, 4, 5, 6, 7, 8, 9, 10, 15, 11, 13, 0, 14, 12]"
4,3,A* Search,11,4,10,27900720,1746611420477,"[1, 2, 3, 4, 5, 6, 7, 8, 9, 10, 15, 11, 13, 0, 14, 12]"
4,4,Greedy Best-First Search,12,4,10,27889328,1746611420503,"[1, 2, 3, 4, 5, 6, 7, 8, 9, 10, 15, 11, 13, 0, 14, 12]"
4,4,A* Search,12,4,10,27559832,1746611420503,"[1, 2, 3, 4, 5, 6, 7, 8, 9, 10, 15, 11, 13, 0, 14, 12]"
4,5,Greedy Best-First Search,10,4,11,27564192,1746611420531,"[1, 2, 3, 4, 5, 6, 7, 8, 0, 9, 10, 11, 13, 14, 15, 12]"
4,5,A* Search,10,4,11,27182704,1746611420531,"[1, 2, 3, 4, 5, 6, 7, 8, 0, 9, 10, 11, 13, 14, 15, 12]"
5,1,Greedy Best-First Search,10,5,14,27564736,1746611420555,"[1, 0, 3, 4, 5, 2, 6, 8, 9, 10, 7, 11, 13, 14, 15, 12]"
5,1,A* Search,11,5,14,28249016,1746611420555,"[1, 0, 3, 4, 5, 2, 6, 8, 9, 10, 7, 11, 13, 14, 15, 12]"
5,2,Greedy Best-First Search,13,5,14,27888768,1746611420580,"[1, 2, 3, 4, 0, 5, 6, 8, 9, 10, 7, 12, 13, 14, 11, 15]"
5,2,A* Search,10,5,14,27889824,1746611420580,"[1, 2, 3, 4, 0, 5, 6, 8, 9, 10, 7, 12, 13, 14, 11, 15]"
5,3,Greedy Best-First Search,11,5,12,27557632,1746611420608,"[1, 2, 3, 4, 5, 6, 7, 8, 9, 14, 10, 12, 0, 13, 11, 15]"
5,3,A* Search,10,5,12,27904208,1746611420608,"[1, 2, 3, 4, 5, 6, 7, 8, 9, 14, 10, 12, 0, 13, 11, 15]"
5,4,Greedy Best-First Search,10,5,12,28245976,1746611420633,"[1, 2, 3, 4, 5, 6, 7, 8, 13, 9, 10, 11, 0, 14, 15, 12]"
5,4,A* Search,11,5,12,27561640,1746611420633,"[1, 2, 3, 4, 5, 6, 7, 8, 13, 9, 10, 11, 0, 14, 15, 12]"
5,5,Greedy Best-First Search,11,5,13,27559448,1746611420659,"[1, 2, 3, 4, 5, 6, 7, 8, 9, 14, 10, 11, 13, 15, 0, 12]"
5,5,A* Search,11,5,13,27902304,1746611420659,"[1, 2, 3, 4, 5, 6, 7, 8, 9, 14, 10, 11, 13, 15, 0, 12]"
6,1,Greedy Best-First Search,11,6,17,27894448,1746611420685,"[1, 2, 3, 4, 5, 7, 8, 0, 9, 6, 10, 11, 13, 14, 15, 12]"
6,1,A* Search,13,6,17,27891696,1746611420685,"[1, 2, 3, 4, 5, 7, 8, 0, 9, 6, 10, 11, 13, 14, 15, 12]"
6,2,Greedy Best-First Search,11,6,17,28237048,1746611420713,"[1, 2, 3, 4, 5, 6, 8, 11, 9, 10, 0, 7, 13, 14, 15, 12]"
6,2,A* Search,11,6,17,27218960,1746611420713,"[1, 2, 3, 4, 5, 6, 8, 11, 9, 10, 0, 7, 13, 14, 15, 12]"
6,3,Greedy Best-First Search,12,6,14,28679880,1746611420739,"[1, 2, 4, 8, 5, 6, 3, 0, 9, 10, 7, 11, 13, 14, 15, 12]"
6,3,A* Search,10,6,14,32333560,1746611420739,"[1, 2, 4, 8, 5, 6, 3, 0, 9, 10, 7, 11, 13, 14, 15, 12]"
6,4,Greedy Best-First Search,24,6,16,28308944,1746611420767,"[1, 2, 3, 4, 5, 6, 7, 8, 9, 14, 0, 11, 13, 15, 10, 12]"
6,4,A* Search,24,6,19,28385296,1746611420767,"[1, 2, 3, 4, 5, 6, 7, 8, 9, 14, 0, 11, 13, 15, 10, 12]"
6,5,Greedy Best-First Search,26,6,16,28357104,1746611420819,"[1, 2, 3, 4, 5, 0, 7, 8, 9, 6, 15, 11, 13, 10, 14, 12]"
6,5,A* Search,24,6,16,28377384,1746611420819,"[1, 2, 3, 4, 5, 0, 7, 8, 9, 6, 15, 11, 13, 10, 14, 12]"
7,1,Greedy Best-First Search,23,7,23,28329344,1746611420873,"[1, 2, 3, 4, 5, 7, 10, 8, 9, 6, 15, 11, 13, 14, 0, 12]"
7,1,A* Search,23,7,23,28286016,1746611420873,"[1, 2, 3, 4, 5, 7, 10, 8, 9, 6, 15, 11, 13, 14, 0, 12]"
7,2,Greedy Best-First Search,24,7,18,28148280,1746611420924,"[1, 0, 3, 4, 6, 2, 7, 8, 5, 9, 10, 12, 13, 14, 11, 15]"
7,2,A* Search,24,7,18,28427144,1746611420924,"[1, 0, 3, 4, 6, 2, 7, 8, 5, 9, 10, 12, 13, 14, 11, 15]"
7,3,Greedy Best-First Search,24,7,17,28334048,1746611420976,"[1, 3, 4, 0, 5, 2, 7, 8, 9, 6, 10, 12, 13, 14, 11, 15]"
7,3,A* Search,24,7,17,28298584,1746611420976,"[1, 3, 4, 0, 5, 2, 7, 8, 9, 6, 10, 12, 13, 14, 11, 15]"
7,4,Greedy Best-First Search,24,7,16,217001656,1746611421030,"[1, 0, 2, 3, 5, 6, 8, 4, 9, 10, 7, 12, 13, 14, 11, 15]"
7,4,A* Search,26,7,16,28334056,1746611421030,"[1, 0, 2, 3, 5, 6, 8, 4, 9, 10, 7, 12, 13, 14, 11, 15]"
7,5,Greedy Best-First Search,25,7,16,28283896,1746611421085,"[1, 2, 3, 4, 5, 6, 7, 8, 13, 9, 15, 11, 0, 10, 14, 12]"
7,5,A* Search,22,7,16,28316136,1746611421085,"[1, 2, 3, 4, 5, 6, 7, 8, 13, 9, 15, 11, 0, 10, 14, 12]"
8,1,Greedy Best-First Search,23,8,20,28345136,1746611421137,"[1, 2, 4, 8, 5, 6, 3, 11, 9, 10, 0, 7, 13, 14, 15, 12]"
8,1,A* Search,23,8,20,28258480,1746611421137,"[1, 2, 4, 8, 5, 6, 3, 11, 9, 10, 0, 7, 13, 14, 15, 12]"
8,2,Greedy Best-First Search,23,8,21,28280536,1746611421187,"[1, 2, 3, 4, 5, 7, 8, 0, 9, 6, 15, 11, 13, 10, 14, 12]"
8,2,A* Search,23,8,21,28239952,1746611421187,"[1, 2, 3, 4, 5, 7, 8, 0, 9, 6, 15, 11, 13, 10, 14, 12]"
8,3,Greedy Best-First Search,23,8,19,28331912,1746611421238,"[1, 2, 3, 4, 5, 6, 7, 8, 0, 9, 10, 15, 13, 14, 12, 11]"
8,3,A* Search,24,8,29,28264368,1746611421238,"[1, 2, 3, 4, 5, 6, 7, 8, 0, 9, 10, 15, 13, 14, 12, 11]"
8,4,Greedy Best-First Search,23,8,24,28432320,1746611421289,"[1, 2, 0, 4, 5, 6, 3, 8, 9, 15, 7, 11, 13, 10, 14, 12]"
8,4,A* Search,23,8,24,28279768,1746611421289,"[1, 2, 0, 4, 5, 6, 3, 8, 9, 15, 7, 11, 13, 10, 14, 12]"
8,5,Greedy Best-First Search,23,8,20,28264808,1746611421340,"[1, 2, 3, 4, 5, 0, 6, 8, 9, 10, 7, 15, 13, 14, 12, 11]"
8,5,A* Search,23,8,30,28233952,1746611421340,"[1, 2, 3, 4, 5, 0, 6, 8, 9, 10, 7, 15, 13, 14, 12, 11]"
9,1,Greedy Best-First Search,23,11,28,28255896,1746611421391,"[1, 2, 3, 4, 5, 6, 7, 8, 13, 9, 15, 11, 10, 14, 0, 12]"
9,1,A* Search,23,9,37,28398824,1746611421391,"[1, 2, 3, 4, 5, 6, 7, 8, 13, 9, 15, 11, 10, 14, 0, 12]"
9,2,Greedy Best-First Search,23,3,8,28268640,1746611421442,"[1, 2, 3, 4, 5, 6, 7, 8, 9, 10, 15, 11, 13, 14, 0, 12]"
9,2,A* Search,16,3,8,26956160,1746611421442,"[1, 2, 3, 4, 5, 6, 7, 8, 9, 10, 15, 11, 13, 14, 0, 12]"
9,3,Greedy Best-First Search,13,9,21,27879360,1746611421486,"[1, 0, 3, 4, 6, 2, 7, 8, 5, 14, 10, 12, 9, 13, 11, 15]"
9,3,A* Search,13,9,21,27558120,1746611421486,"[1, 0, 3, 4, 6, 2, 7, 8, 5, 14, 10, 12, 9, 13, 11, 15]"
9,4,Greedy Best-First Search,11,9,21,28248176,1746611421516,"[1, 3, 4, 0, 6, 2, 7, 8, 5, 9, 10, 12, 13, 14, 11, 15]"
9,4,A* Search,12,9,21,27555888,1746611421516,"[1, 3, 4, 0, 6, 2, 7, 8, 5, 9, 10, 12, 13, 14, 11, 15]"
9,5,Greedy Best-First Search,12,9,22,27559768,1746611421544,"[1, 2, 3, 4, 0, 5, 6, 8, 9, 10, 7, 15, 13, 14, 12, 11]"
9,5,A* Search,11,9,32,27219136,1746611421544,"[1, 2, 3, 4, 0, 5, 6, 8, 9, 10, 7, 15, 13, 14, 12, 11]"
10,1,Greedy Best-First Search,10,10,29,27554224,1746611421570,"[1, 2, 3, 4, 5, 10, 6, 8, 9, 7, 0, 15, 13, 14, 12, 11]"
10,1,A* Search,13,10,72,27641480,1746611421570,"[1, 2, 3, 4, 5, 10, 6, 8, 9, 7, 0, 15, 13, 14, 12, 11]"
10,2,Greedy Best-First Search,11,10,23,27900960,1746611421598,"[1, 3, 0, 4, 6, 2, 7, 8, 5, 14, 10, 12, 9, 13, 11, 15]"
10,2,A* Search,12,10,23,27555352,1746611421598,"[1, 3, 0, 4, 6, 2, 7, 8, 5, 14, 10, 12, 9, 13, 11, 15]"
10,3,Greedy Best-First Search,26,10,26,28228368,1746611421625,"[1, 2, 3, 4, 5, 6, 7, 8, 13, 9, 0, 11, 10, 14, 15, 12]"
10,3,A* Search,25,10,72,28374976,1746611421625,"[1, 2, 3, 4, 5, 6, 7, 8, 13, 9, 0, 11, 10, 14, 15, 12]"
10,4,Greedy Best-First Search,23,10,26,28334816,1746611421681,"[1, 2, 0, 3, 5, 6, 7, 4, 9, 15, 11, 8, 13, 10, 14, 12]"
10,4,A* Search,23,10,34,28299304,1746611421681,"[1, 2, 0, 3, 5, 6, 7, 4, 9, 15, 11, 8, 13, 10, 14, 12]"
10,5,Greedy Best-First Search,31,2,6,28171712,1746611421732,"[1, 2, 3, 4, 5, 6, 7, 8, 9, 10, 0, 11, 13, 14, 15, 12]"
10,5,A* Search,23,2,6,28508960,1746611421732,"[1, 2, 3, 4, 5, 6, 7, 8, 9, 10, 0, 11, 13, 14, 15, 12]"
11,1,Greedy Best-First Search,25,19,86,28393488,1746611421791,"[1, 2, 3, 4, 5, 6, 7, 8, 13, 9, 14, 11, 15, 10, 0, 12]"
11,1,A* Search,23,11,53,28366400,1746611421791,"[1, 2, 3, 4, 5, 6, 7, 8, 13, 9, 14, 11, 15, 10, 0, 12]"
11,2,Greedy Best-First Search,24,11,27,28252104,1746611421844,"[1, 6, 2, 4, 5, 10, 3, 8, 9, 0, 7, 15, 13, 14, 12, 11]"
11,2,A* Search,24,11,37,28179472,1746611421844,"[1, 6, 2, 4, 5, 10, 3, 8, 9, 0, 7, 15, 13, 14, 12, 11]"
11,3,Greedy Best-First Search,23,19,121,28495336,1746611421897,"[1, 2, 3, 0, 5, 10, 6, 4, 9, 14, 11, 8, 13, 15, 7, 12]"
11,3,A* Search,25,11,46,28405976,1746611421897,"[1, 2, 3, 0, 5, 10, 6, 4, 9, 14, 11, 8, 13, 15, 7, 12]"
11,4,Greedy Best-First Search,20,9,40,27178432,1746611421949,"[2, 5, 3, 4, 0, 1, 7, 8, 9, 6, 10, 11, 13, 14, 15, 12]"
11,4,A* Search,23,9,31,28510816,1746611421949,"[2, 5, 3, 4, 0, 1, 7, 8, 9, 6, 10, 11, 13, 14, 15, 12]"
11,5,Greedy Best-First Search,22,11,27,233764776,1746611421998,"[1, 2, 3, 4, 9, 5, 6, 8, 10, 0, 7, 15, 13, 14, 12, 11]"
11,5,A* Search,25,11,37,28451688,1746611421998,"[1, 2, 3, 4, 9, 5, 6, 8, 10, 0, 7, 15, 13, 14, 12, 11]"
12,1,Greedy Best-First Search,13,18,158,27970312,1746611422050,"[1, 2, 3, 4, 5, 0, 6, 8, 9, 14, 7, 12, 10, 13, 11, 15]"
12,1,A* Search,12,12,114,27302392,1746611422050,"[1, 2, 3, 4, 5, 0, 6, 8, 9, 14, 7, 12, 10, 13, 11, 15]"
12,2,Greedy Best-First Search,12,12,65,27891232,1746611422080,"[1, 10, 2, 4, 5, 3, 8, 0, 9, 7, 6, 12, 13, 14, 11, 15]"
12,2,A* Search,12,12,54,27907392,1746611422080,"[1, 10, 2, 4, 5, 3, 8, 0, 9, 7, 6, 12, 13, 14, 11, 15]"
12,3,Greedy Best-First Search,15,10,26,27559816,1746611422109,"[1, 2, 3, 4, 5, 6, 7, 0, 13, 9, 11, 8, 10, 14, 15, 12]"
12,3,A* Search,16,10,48,27899936,1746611422109,"[1, 2, 3, 4, 5, 6, 7, 0, 13, 9, 11, 8, 10, 14, 15, 12]"
12,4,Greedy Best-First Search,13,12,32,27218960,1746611422145,"[1, 2, 3, 4, 5, 0, 6, 8, 13, 9, 7, 11, 10, 14, 15, 12]"
12,4,A* Search,11,12,110,27982392,1746611422145,"[1, 2, 3, 4, 5, 0, 6, 8, 13, 9, 7, 11, 10, 14, 15, 12]"
12,5,Greedy Best-First Search,14,12,46,27900864,1746611422174,"[1, 2, 3, 4, 6, 14, 7, 8, 5, 10, 11, 12, 9, 13, 15, 0]"
12,5,A* Search,14,12,84,27972368,1746611422174,"[1, 2, 3, 4, 6, 14, 7, 8, 5, 10, 11, 12, 9, 13, 15, 0]"
13,1,Greedy Best-First Search,23,17,82,28431872,1746611422206,"[1, 2, 3, 4, 10, 9, 6, 8, 5, 0, 7, 15, 13, 14, 12, 11]"
13,1,A* Search,23,13,69,28443616,1746611422206,"[1, 2, 3, 4, 10, 9, 6, 8, 5, 0, 7, 15, 13, 14, 12, 11]"
13,2,Greedy Best-First Search,23,19,86,28288304,1746611422257,"[1, 2, 3, 4, 5, 6, 7, 8, 13, 9, 14, 11, 15, 10, 0, 12]"
13,2,A* Search,23,11,53,28258280,1746611422257,"[1, 2, 3, 4, 5, 6, 7, 8, 13, 9, 14, 11, 15, 10, 0, 12]"
13,3,Greedy Best-First Search,25,11,30,28231336,1746611422308,"[1, 2, 3, 4, 6, 7, 10, 8, 5, 9, 15, 0, 13, 14, 12, 11]"
13,3,A* Search,24,11,30,28386320,1746611422308,"[1, 2, 3, 4, 6, 7, 10, 8, 5, 9, 15, 0, 13, 14, 12, 11]"
13,4,Greedy Best-First Search,25,37,478,28776256,1746611422361,"[1, 2, 8, 0, 5, 3, 4, 11, 9, 6, 10, 7, 13, 14, 15, 12]"
13,4,A* Search,18,13,40,27308640,1746611422361,"[1, 2, 8, 0, 5, 3, 4, 11, 9, 6, 10, 7, 13, 14, 15, 12]"
13,5,Greedy Best-First Search,14,21,108,27613744,1746611422409,"[1, 2, 7, 3, 5, 6, 0, 4, 13, 9, 11, 8, 14, 15, 10, 12]"
13,5,A* Search,11,13,74,27972608,1746611422409,"[1, 2, 7, 3, 5, 6, 0, 4, 13, 9, 11, 8, 14, 15, 10, 12]"
14,1,Greedy Best-First Search,12,14,32,27898112,1746611422440,"[1, 7, 2, 3, 6, 0, 8, 4, 5, 14, 10, 12, 9, 13, 11, 15]"
14,1,A* Search,10,14,48,27901840,1746611422440,"[1, 7, 2, 3, 6, 0, 8, 4, 5, 14, 10, 12, 9, 13, 11, 15]"
14,2,Greedy Best-First Search,11,14,37,27906624,1746611422465,"[1, 2, 3, 4, 5, 6, 8, 11, 13, 15, 9, 7, 14, 0, 10, 12]"
14,2,A* Search,11,14,63,27218960,1746611422465,"[1, 2, 3, 4, 5, 6, 8, 11, 13, 15, 9, 7, 14, 0, 10, 12]"
14,3,Greedy Best-First Search,24,14,603,28852480,1746611422492,"[1, 7, 2, 4, 5, 6, 3, 8, 9, 10, 0, 15, 13, 14, 12, 11]"
14,3,A* Search,24,14,196,28536424,1746611422492,"[1, 7, 2, 4, 5, 6, 3, 8, 9, 10, 0, 15, 13, 14, 12, 11]"
14,4,Greedy Best-First Search,23,14,32,28277496,1746611422544,"[1, 6, 2, 4, 5, 10, 3, 8, 0, 14, 7, 15, 9, 13, 12, 11]"
14,4,A* Search,24,14,42,28373184,1746611422544,"[1, 6, 2, 4, 5, 10, 3, 8, 0, 14, 7, 15, 9, 13, 12, 11]"
14,5,Greedy Best-First Search,25,16,77,28297536,1746611422597,"[5, 1, 3, 4, 2, 0, 6, 8, 13, 9, 7, 11, 14, 15, 10, 12]"
14,5,A* Search,31,14,61,28297184,1746611422597,"[5, 1, 3, 4, 2, 0, 6, 8, 13, 9, 7, 11, 14, 15, 10, 12]"
15,1,Greedy Best-First Search,29,23,223,28534152,1746611422657,"[1, 0, 4, 11, 5, 2, 6, 7, 9, 10, 3, 8, 13, 14, 15, 12]"
15,1,A* Search,29,15,190,28479480,1746611422657,"[1, 0, 4, 11, 5, 2, 6, 7, 9, 10, 3, 8, 13, 14, 15, 12]"
15,2,Greedy Best-First Search,24,15,35,28202176,1746611422720,"[1, 7, 2, 3, 6, 8, 0, 4, 5, 14, 10, 12, 9, 13, 11, 15]"
15,2,A* Search,24,15,51,28284152,1746611422720,"[1, 7, 2, 3, 6, 8, 0, 4, 5, 14, 10, 12, 9, 13, 11, 15]"
15,3,Greedy Best-First Search,23,13,53,28385864,1746611422772,"[1, 7, 2, 4, 6, 9, 3, 8, 5, 10, 11, 0, 13, 14, 15, 12]"
15,3,A* Search,25,13,66,28384808,1746611422772,"[1, 7, 2, 4, 6, 9, 3, 8, 5, 10, 11, 0, 13, 14, 15, 12]"
15,4,Greedy Best-First Search,25,15,47,28297040,1746611422826,"[1, 3, 4, 8, 5, 10, 2, 6, 9, 7, 12, 15, 13, 14, 0, 11]"
15,4,A* Search,15,15,45,27296744,1746611422826,"[1, 3, 4, 8, 5, 10, 2, 6, 9, 7, 12, 15, 13, 14, 0, 11]"
15,5,Greedy Best-First Search,25,3,8,28334776,1746611422870,"[1, 2, 3, 4, 5, 6, 7, 8, 9, 10, 12, 0, 13, 14, 11, 15]"
15,5,A* Search,18,3,8,27358304,1746611422870,"[1, 2, 3, 4, 5, 6, 7, 8, 9, 10, 12, 0, 13, 14, 11, 15]"
16,1,Greedy Best-First Search,16,64,3227,30266600,1746611422917,"[2, 4, 0, 8, 1, 5, 3, 11, 9, 6, 15, 7, 13, 10, 14, 12]"
16,1,A* Search,13,16,46,27550056,1746611422917,"[2, 4, 0, 8, 1, 5, 3, 11, 9, 6, 15, 7, 13, 10, 14, 12]"
16,2,Greedy Best-First Search,12,18,86,27299960,1746611422951,"[5, 1, 3, 4, 2, 6, 8, 11, 9, 15, 0, 7, 13, 10, 14, 12]"
16,2,A* Search,12,16,192,27722504,1746611422951,"[5, 1, 3, 4, 2, 6, 8, 11, 9, 15, 0, 7, 13, 10, 14, 12]"
16,3,Greedy Best-First Search,13,16,57,27902064,1746611422980,"[1, 8, 7, 3, 6, 0, 2, 4, 5, 9, 10, 12, 13, 14, 11, 15]"
16,3,A* Search,10,16,183,27977344,1746611422980,"[1, 8, 7, 3, 6, 0, 2, 4, 5, 9, 10, 12, 13, 14, 11, 15]"
16,4,Greedy Best-First Search,13,16,39,27564192,1746611423007,"[1, 2, 4, 8, 5, 7, 3, 11, 0, 9, 14, 15, 13, 6, 10, 12]"
16,4,A* Search,11,16,58,27905952,1746611423007,"[1, 2, 4, 8, 5, 7, 3, 11, 0, 9, 14, 15, 13, 6, 10, 12]"
16,5,Greedy Best-First Search,13,10,24,27559192,1746611423035,"[1, 2, 3, 4, 5, 6, 11, 7, 13, 9, 0, 8, 14, 15, 10, 12]"
16,5,A* Search,15,10,32,27900704,1746611423035,"[1, 2, 3, 4, 5, 6, 11, 7, 13, 9, 0, 8, 14, 15, 10, 12]"
17,1,Greedy Best-First Search,12,21,88,27989512,1746611423069,"[5, 1, 4, 8, 2, 7, 3, 11, 9, 6, 14, 15, 13, 10, 0, 12]"
17,1,A* Search,12,17,53,28592720,1746611423069,"[5, 1, 4, 8, 2, 7, 3, 11, 9, 6, 14, 15, 13, 10, 0, 12]"
17,2,Greedy Best-First Search,13,27,762,28478264,1746611423098,"[1, 3, 4, 8, 6, 2, 10, 7, 5, 14, 11, 0, 9, 13, 15, 12]"
17,2,A* Search,12,15,60,27560504,1746611423098,"[1, 3, 4, 8, 6, 2, 10, 7, 5, 14, 11, 0, 9, 13, 15, 12]"
17,3,Greedy Best-First Search,15,63,3312,30193392,1746611423127,"[2, 4, 3, 8, 1, 5, 11, 7, 9, 6, 10, 0, 13, 14, 15, 12]"
17,3,A* Search,12,17,335,27804152,1746611423127,"[2, 4, 3, 8, 1, 5, 11, 7, 9, 6, 10, 0, 13, 14, 15, 12]"
17,4,Greedy Best-First Search,25,59,1199,29438400,1746611423159,"[1, 2, 3, 4, 0, 5, 6, 8, 13, 14, 9, 11, 15, 10, 7, 12]"
17,4,A* Search,25,17,165,28465904,1746611423159,"[1, 2, 3, 4, 0, 5, 6, 8, 13, 14, 9, 11, 15, 10, 7, 12]"
17,5,Greedy Best-First Search,25,25,181,28468888,1746611423214,"[1, 3, 4, 8, 0, 5, 2, 6, 9, 14, 7, 12, 10, 13, 11, 15]"
17,5,A* Search,24,17,136,28486392,1746611423214,"[1, 3, 4, 8, 0, 5, 2, 6, 9, 14, 7, 12, 10, 13, 11, 15]"
18,1,Greedy Best-First Search,25,14,35,28332176,1746611423268,"[1, 3, 4, 8, 6, 2, 10, 7, 5, 9, 12, 15, 13, 14, 11, 0]"
18,1,A* Search,23,14,35,28224928,1746611423268,"[1, 3, 4, 8, 6, 2, 10, 7, 5, 9, 12, 15, 13, 14, 11, 0]"
18,2,Greedy Best-First Search,25,26,351,28736176,1746611423320,"[1, 6, 2, 3, 5, 10, 11, 8, 0, 9, 7, 4, 13, 14, 15, 12]"
18,2,A* Search,24,16,367,28475696,1746611423320,"[1, 6, 2, 3, 5, 10, 11, 8, 0, 9, 7, 4, 13, 14, 15, 12]"
18,3,Greedy Best-First Search,25,48,754,29072328,1746611423375,"[0, 3, 15, 4, 2, 1, 5, 8, 9, 7, 6, 11, 13, 10, 14, 12]"
18,3,A* Search,23,18,77,28384792,1746611423375,"[0, 3, 15, 4, 2, 1, 5, 8, 9, 7, 6, 11, 13, 10, 14, 12]"
18,4,Greedy Best-First Search,23,14,39,28526832,1746611423427,"[1, 2, 4, 8, 5, 0, 6, 11, 9, 15, 3, 7, 13, 10, 14, 12]"
18,4,A* Search,24,14,67,28461120,1746611423427,"[1, 2, 4, 8, 5, 0, 6, 11, 9, 15, 3, 7, 13, 10, 14, 12]"
18,5,Greedy Best-First Search,25,16,80,28363904,1746611423479,"[2, 5, 3, 4, 1, 10, 6, 11, 0, 9, 8, 7, 13, 14, 15, 12]"
18,5,A* Search,23,14,80,28332352,1746611423479,"[2, 5, 3, 4, 1, 10, 6, 11, 0, 9, 8, 7, 13, 14, 15, 12]"
19,1,Greedy Best-First Search,23,21,261,28509144,1746611423533,"[1, 2, 3, 4, 0, 5, 7, 8, 9, 10, 14, 11, 13, 6, 15, 12]"
19,1,A* Search,25,17,1244,29414208,1746611423533,"[1, 2, 3, 4, 0, 5, 7, 8, 9, 10, 14, 11, 13, 6, 15, 12]"
19,2,Greedy Best-First Search,28,45,1785,30170104,1746611423586,"[1, 0, 6, 2, 5, 8, 4, 3, 9, 10, 7, 15, 13, 14, 12, 11]"
19,2,A* Search,31,17,103,28608472,1746611423586,"[1, 0, 6, 2, 5, 8, 4, 3, 9, 10, 7, 15, 13, 14, 12, 11]"
19,3,Greedy Best-First Search,44,109,12071,42043888,1746611423649,"[1, 2, 7, 4, 3, 5, 8, 11, 9, 6, 15, 10, 13, 14, 0, 12]"
19,3,A* Search,15,19,538,27274272,1746611423649,"[1, 2, 7, 4, 3, 5, 8, 11, 9, 6, 15, 10, 13, 14, 0, 12]"
19,4,Greedy Best-First Search,26,45,1858,30425584,1746611423714,"[1, 2, 3, 8, 10, 4, 0, 6, 5, 14, 7, 12, 9, 13, 11, 15]"
19,4,A* Search,23,19,365,28581640,1746611423714,"[1, 2, 3, 8, 10, 4, 0, 6, 5, 14, 7, 12, 9, 13, 11, 15]"
19,5,Greedy Best-First Search,27,47,1101,29350408,1746611423768,"[1, 3, 4, 0, 5, 2, 7, 8, 9, 14, 10, 15, 6, 13, 12, 11]"
19,5,A* Search,29,19,236,28580864,1746611423768,"[1, 3, 4, 0, 5, 2, 7, 8, 9, 14, 10, 15, 6, 13, 12, 11]"
20,1,Greedy Best-First Search,25,50,722,28917280,1746611423829,"[2, 3, 15, 4, 1, 5, 8, 11, 9, 7, 14, 6, 13, 0, 10, 12]"
20,1,A* Search,25,20,77,28219560,1746611423829,"[2, 3, 15, 4, 1, 5, 8, 11, 9, 7, 14, 6, 13, 0, 10, 12]"
20,2,Greedy Best-First Search,23,20,87,28423016,1746611423885,"[5, 1, 4, 8, 2, 6, 3, 0, 13, 9, 7, 11, 10, 14, 15, 12]"
20,2,A* Search,25,20,673,28903440,1746611423885,"[5, 1, 4, 8, 2, 6, 3, 0, 13, 9, 7, 11, 10, 14, 15, 12]"
20,3,Greedy Best-First Search,25,44,1036,29289296,1746611423937,"[1, 2, 3, 4, 5, 8, 15, 11, 0, 9, 10, 7, 13, 14, 6, 12]"
20,3,A* Search,26,18,315,28624952,1746611423937,"[1, 2, 3, 4, 5, 8, 15, 11, 0, 9, 10, 7, 13, 14, 6, 12]"
20,4,Greedy Best-First Search,25,24,98,28563936,1746611423993,"[1, 2, 4, 8, 5, 6, 3, 11, 13, 9, 0, 7, 15, 10, 14, 12]"
20,4,A* Search,23,18,297,28546944,1746611423993,"[1, 2, 4, 8, 5, 6, 3, 11, 13, 9, 0, 7, 15, 10, 14, 12]"
20,5,Greedy Best-First Search,25,50,1415,29691808,1746611424046,"[1, 7, 2, 3, 9, 5, 8, 4, 0, 6, 10, 15, 13, 14, 12, 11]"
20,5,A* Search,19,16,73,27340240,1746611424046,"[1, 7, 2, 3, 9, 5, 8, 4, 0, 6, 10, 15, 13, 14, 12, 11]"
21,1,Greedy Best-First Search,13,25,642,28017400,1746611424094,"[1, 3, 4, 0, 2, 7, 6, 8, 5, 9, 10, 15, 13, 14, 12, 11]"
21,1,A* Search,14,19,451,27882336,1746611424094,"[1, 3, 4, 0, 2, 7, 6, 8, 5, 9, 10, 15, 13, 14, 12, 11]"
21,2,Greedy Best-First Search,16,31,188,27723416,1746611424125,"[1, 2, 3, 4, 5, 9, 8, 11, 10, 13, 6, 0, 14, 15, 7, 12]"
21,2,A* Search,13,21,1579,28613480,1746611424125,"[1, 2, 3, 4, 5, 9, 8, 11, 10, 13, 6, 0, 14, 15, 7, 12]"
21,3,Greedy Best-First Search,23,99,5900,33144640,1746611424159,"[2, 0, 3, 8, 1, 4, 5, 11, 9, 6, 14, 7, 13, 15, 10, 12]"
21,3,A* Search,12,21,336,28158912,1746611424159,"[2, 0, 3, 8, 1, 4, 5, 11, 9, 6, 14, 7, 13, 15, 10, 12]"
21,4,Greedy Best-First Search,11,13,109,27221864,1746611424199,"[1, 2, 4, 8, 5, 6, 3, 11, 13, 10, 7, 0, 14, 9, 15, 12]"
21,4,A* Search,11,13,61,27218960,1746611424199,"[1, 2, 4, 8, 5, 6, 3, 11, 13, 10, 7, 0, 14, 9, 15, 12]"
21,5,Greedy Best-First Search,28,47,1408,29622200,1746611424226,"[1, 7, 2, 3, 5, 6, 8, 4, 9, 0, 10, 15, 13, 14, 12, 11]"
21,5,A* Search,23,15,109,28364568,1746611424226,"[1, 7, 2, 3, 5, 6, 8, 4, 9, 0, 10, 15, 13, 14, 12, 11]"
22,1,Greedy Best-First Search,25,42,1040,29308288,1746611424282,"[1, 2, 3, 4, 6, 10, 9, 11, 5, 15, 0, 7, 13, 14, 12, 8]"
22,1,A* Search,26,18,311,28559960,1746611424282,"[1, 2, 3, 4, 6, 10, 9, 11, 5, 15, 0, 7, 13, 14, 12, 8]"
22,2,Greedy Best-First Search,27,44,548,28849840,1746611424339,"[1, 2, 7, 3, 5, 0, 6, 4, 13, 14, 11, 8, 10, 15, 9, 12]"
22,2,A* Search,25,20,841,29031328,1746611424339,"[1, 2, 7, 3, 5, 0, 6, 4, 13, 14, 11, 8, 10, 15, 9, 12]"
22,3,Greedy Best-First Search,26,22,93,28655728,1746611424395,"[5, 1, 4, 8, 2, 6, 3, 11, 13, 9, 0, 7, 10, 14, 15, 12]"
22,3,A* Search,24,22,1096,29293744,1746611424395,"[5, 1, 4, 8, 2, 6, 3, 11, 13, 9, 0, 7, 10, 14, 15, 12]"
22,4,Greedy Best-First Search,37,102,7123,35988944,1746611424450,"[1, 3, 4, 8, 14, 0, 10, 7, 2, 6, 9, 12, 5, 13, 11, 15]"
22,4,A* Search,27,22,338,28499048,1746611424450,"[1, 3, 4, 8, 14, 0, 10, 7, 2, 6, 9, 12, 5, 13, 11, 15]"
22,5,Greedy Best-First Search,25,16,54,28359568,1746611424518,"[1, 3, 0, 4, 6, 2, 14, 7, 5, 10, 12, 8, 9, 13, 11, 15]"
22,5,A* Search,24,16,94,28405720,1746611424518,"[1, 3, 0, 4, 6, 2, 14, 7, 5, 10, 12, 8, 9, 13, 11, 15]"
23,1,Greedy Best-First Search,25,15,56,28440984,1746611424572,"[1, 7, 2, 4, 6, 14, 3, 8, 5, 10, 11, 0, 9, 13, 15, 12]"
23,1,A* Search,26,15,72,28489760,1746611424572,"[1, 7, 2, 4, 6, 14, 3, 8, 5, 10, 11, 0, 9, 13, 15, 12]"
23,2,Greedy Best-First Search,28,91,3450,32071920,1746611424629,"[5, 1, 3, 4, 2, 10, 9, 8, 13, 0, 6, 11, 14, 7, 15, 12]"
23,2,A* Search,25,21,1099,29325016,1746611424629,"[5, 1, 3, 4, 2, 10, 9, 8, 13, 0, 6, 11, 14, 7, 15, 12]"
23,3,Greedy Best-First Search,25,15,65,28315816,1746611424686,"[1, 6, 2, 4, 0, 9, 7, 8, 3, 5, 10, 11, 13, 14, 15, 12]"
23,3,A* Search,24,15,151,28409080,1746611424686,"[1, 6, 2, 4, 0, 9, 7, 8, 3, 5, 10, 11, 13, 14, 15, 12]"
23,4,Greedy Best-First Search,24,19,62,28203080,1746611424740,"[1, 3, 8, 0, 14, 2, 4, 7, 6, 5, 10, 12, 9, 13, 11, 15]"
23,4,A* Search,23,19,145,28612936,1746611424740,"[1, 3, 8, 0, 14, 2, 4, 7, 6, 5, 10, 12, 9, 13, 11, 15]"
23,5,Greedy Best-First Search,25,43,1789,30140000,1746611424792,"[1, 8, 7, 2, 6, 4, 0, 3, 5, 9, 10, 12, 13, 14, 11, 15]"
23,5,A* Search,25,19,277,28651424,1746611424792,"[1, 8, 7, 2, 6, 4, 0, 3, 5, 9, 10, 12, 13, 14, 11, 15]"
24,1,Greedy Best-First Search,28,24,1420,29667896,1746611424848,"[1, 9, 2, 3, 5, 6, 8, 4, 10, 7, 12, 15, 13, 14, 11, 0]"
24,1,A* Search,25,20,764,29048328,1746611424848,"[1, 9, 2, 3, 5, 6, 8, 4, 10, 7, 12, 15, 13, 14, 11, 0]"
24,2,Greedy Best-First Search,15,20,53,26970840,1746611424907,"[1, 2, 4, 8, 5, 6, 3, 11, 13, 15, 0, 7, 10, 9, 14, 12]"
24,2,A* Search,24,16,92,28497048,1746611424907,"[1, 2, 4, 8, 5, 6, 3, 11, 13, 15, 0, 7, 10, 9, 14, 12]"
24,3,Greedy Best-First Search,26,46,2088,30440448,1746611424950,"[1, 4, 2, 8, 9, 5, 3, 7, 0, 6, 10, 12, 13, 14, 11, 15]"
24,3,A* Search,23,16,228,28381168,1746611424950,"[1, 4, 2, 8, 9, 5, 3, 7, 0, 6, 10, 12, 13, 14, 11, 15]"
24,4,Greedy Best-First Search,24,50,497,28695136,1746611425004,"[1, 2, 3, 8, 5, 14, 4, 6, 9, 7, 11, 12, 10, 13, 15, 0]"
24,4,A* Search,28,24,4361,32350400,1746611425004,"[1, 2, 3, 8, 5, 14, 4, 6, 9, 7, 11, 12, 10, 13, 15, 0]"
24,5,Greedy Best-First Search,15,32,155,27639256,1746611425061,"[5, 1, 4, 8, 2, 6, 3, 11, 13, 9, 14, 7, 15, 0, 10, 12]"
24,5,A* Search,15,22,406,27807848,1746611425061,"[5, 1, 4, 8, 2, 6, 3, 11, 13, 9, 14, 7, 15, 0, 10, 12]"
25,1,Greedy Best-First Search,15,21,93,27642008,1746611425095,"[5, 1, 7, 3, 2, 6, 4, 8, 9, 15, 14, 11, 13, 10, 0, 12]"
25,1,A* Search,13,19,360,28495360,1746611425095,"[5, 1, 7, 3, 2, 6, 4, 8, 9, 15, 14, 11, 13, 10, 0, 12]"
25,2,Greedy Best-First Search,35,35,15297,40709536,1746611425128,"[1, 3, 4, 8, 2, 5, 11, 10, 6, 9, 7, 0, 13, 14, 15, 12]"
25,2,A* Search,13,21,1226,28370088,1746611425128,"[1, 3, 4, 8, 2, 5, 11, 10, 6, 9, 7, 0, 13, 14, 15, 12]"
25,3,Greedy Best-First Search,15,5,12,27122160,1746611425180,"[1, 2, 3, 4, 5, 6, 7, 8, 9, 14, 10, 12, 0, 13, 11, 15]"
25,3,A* Search,25,5,12,28495872,1746611425180,"[1, 2, 3, 4, 5, 6, 7, 8, 9, 14, 10, 12, 0, 13, 11, 15]"
25,4,Greedy Best-First Search,23,41,248,28589864,1746611425225,"[1, 2, 4, 11, 5, 8, 3, 7, 9, 0, 6, 14, 13, 15, 10, 12]"
25,4,A* Search,24,19,122,28478736,1746611425225,"[1, 2, 4, 11, 5, 8, 3, 7, 9, 0, 6, 14, 13, 15, 10, 12]"
25,5,Greedy Best-First Search,25,35,920,29163592,1746611425277,"[1, 2, 11, 7, 5, 8, 0, 3, 13, 6, 10, 4, 14, 9, 15, 12]"
25,5,A* Search,23,19,222,28577304,1746611425277,"[1, 2, 11, 7, 5, 8, 0, 3, 13, 6, 10, 4, 14, 9, 15, 12]"
26,1,Greedy Best-First Search,24,38,393,28654912,1746611425329,"[1, 2, 11, 7, 5, 0, 6, 3, 13, 9, 8, 4, 15, 10, 14, 12]"
26,1,A* Search,25,22,605,28839248,1746611425329,"[1, 2, 11, 7, 5, 0, 6, 3, 13, 9, 8, 4, 15, 10, 14, 12]"
26,2,Greedy Best-First Search,23,16,36,28293992,1746611425384,"[1, 3, 0, 8, 6, 2, 4, 7, 5, 13, 10, 12, 14, 9, 11, 15]"
26,2,A* Search,25,16,74,28264504,1746611425384,"[1, 3, 0, 8, 6, 2, 4, 7, 5, 13, 10, 12, 14, 9, 11, 15]"
26,3,Greedy Best-First Search,26,28,403,28784392,1746611425438,"[1, 11, 2, 4, 10, 3, 7, 0, 5, 9, 15, 6, 13, 14, 12, 8]"
26,3,A* Search,25,24,1782,29921928,1746611425438,"[1, 11, 2, 4, 10, 3, 7, 0, 5, 9, 15, 6, 13, 14, 12, 8]"
26,4,Greedy Best-First Search,14,44,689,28392008,1746611425495,"[5, 1, 3, 4, 2, 10, 8, 0, 9, 7, 15, 11, 13, 6, 14, 12]"
26,4,A* Search,11,16,109,27639960,1746611425495,"[5, 1, 3, 4, 2, 10, 8, 0, 9, 7, 15, 11, 13, 6, 14, 12]"
26,5,Greedy Best-First Search,27,84,2981,31673808,1746611425525,"[1, 2, 6, 3, 5, 8, 10, 11, 9, 15, 0, 7, 13, 4, 14, 12]"
26,5,A* Search,32,26,5922,33737136,1746611425525,"[1, 2, 6, 3, 5, 8, 10, 11, 9, 15, 0, 7, 13, 4, 14, 12]"
27,1,Greedy Best-First Search,13,35,396,28142904,1746611425589,"[1, 2, 3, 8, 5, 6, 7, 11, 13, 14, 9, 4, 10, 15, 0, 12]"
27,1,A* Search,27,25,11453,35510360,1746611425589,"[1, 2, 3, 8, 5, 6, 7, 11, 13, 14, 9, 4, 10, 15, 0, 12]"
27,2,Greedy Best-First Search,32,51,941,29134944,1746611425633,"[1, 2, 4, 8, 5, 6, 3, 11, 9, 14, 13, 7, 15, 10, 0, 12]"
27,2,A* Search,30,21,988,29025216,1746611425633,"[1, 2, 4, 8, 5, 6, 3, 11, 9, 14, 13, 7, 15, 10, 0, 12]"
27,3,Greedy Best-First Search,32,61,2143,30640232,1746611425700,"[1, 2, 3, 0, 5, 7, 10, 4, 9, 14, 11, 12, 6, 13, 8, 15]"
27,3,A* Search,29,25,6464,34196448,1746611425700,"[1, 2, 3, 0, 5, 7, 10, 4, 9, 14, 11, 12, 6, 13, 8, 15]"
27,4,Greedy Best-First Search,48,57,16995,47007696,1746611425766,"[1, 0, 4, 8, 14, 3, 2, 7, 6, 5, 10, 15, 9, 13, 12, 11]"
27,4,A* Search,24,23,297,28513912,1746611425766,"[1, 0, 4, 8, 14, 3, 2, 7, 6, 5, 10, 15, 9, 13, 12, 11]"
27,5,Greedy Best-First Search,29,53,417,217573960,1746611425844,"[1, 0, 2, 4, 8, 6, 3, 7, 5, 14, 10, 15, 9, 13, 12, 11]"
27,5,A* Search,42,27,14411,41753048,1746611425844,"[1, 0, 2, 4, 8, 6, 3, 7, 5, 14, 10, 15, 9, 13, 12, 11]"
28,1,Greedy Best-First Search,15,68,2608,29687920,1746611425920,"[1, 7, 2, 3, 6, 14, 8, 4, 5, 10, 0, 12, 9, 13, 11, 15]"
28,1,A* Search,15,16,66,27565376,1746611425920,"[1, 7, 2, 3, 6, 14, 8, 4, 5, 10, 0, 12, 9, 13, 11, 15]"
28,2,Greedy Best-First Search,11,18,48,27893328,1746611425955,"[0, 3, 6, 4, 2, 1, 11, 7, 13, 5, 10, 8, 14, 9, 15, 12]"
28,2,A* Search,13,18,75,27982728,1746611425955,"[0, 3, 6, 4, 2, 1, 11, 7, 13, 5, 10, 8, 14, 9, 15, 12]"
28,3,Greedy Best-First Search,11,44,427,27880768,1746611425984,"[1, 8, 0, 6, 5, 2, 4, 3, 9, 14, 7, 12, 10, 13, 11, 15]"
28,3,A* Search,11,22,832,28478528,1746611425984,"[1, 8, 0, 6, 5, 2, 4, 3, 9, 14, 7, 12, 10, 13, 11, 15]"
28,4,Greedy Best-First Search,12,38,1017,28640736,1746611426010,"[1, 3, 7, 2, 9, 0, 8, 4, 6, 5, 10, 11, 13, 14, 15, 12]"
28,4,A* Search,12,18,429,27886632,1746611426010,"[1, 3, 7, 2, 9, 0, 8, 4, 6, 5, 10, 11, 13, 14, 15, 12]"
28,5,Greedy Best-First Search,13,58,1838,29447976,1746611426038,"[1, 4, 8, 7, 5, 0, 3, 2, 14, 6, 10, 15, 9, 13, 12, 11]"
28,5,A* Search,13,24,782,28470376,1746611426038,"[1, 4, 8, 7, 5, 0, 3, 2, 14, 6, 10, 15, 9, 13, 12, 11]"
29,1,Greedy Best-First Search,14,41,553,27961848,1746611426069,"[2, 7, 4, 3, 1, 5, 0, 8, 13, 6, 9, 11, 15, 10, 14, 12]"
29,1,A* Search,13,25,3200,30121432,1746611426069,"[2, 7, 4, 3, 1, 5, 0, 8, 13, 6, 9, 11, 15, 10, 14, 12]"
29,2,Greedy Best-First Search,25,73,1519,29798632,1746611426102,"[1, 3, 7, 2, 14, 13, 8, 4, 5, 0, 10, 12, 9, 6, 11, 15]"
29,2,A* Search,32,27,6489,34210144,1746611426102,"[1, 3, 7, 2, 14, 13, 8, 4, 5, 0, 10, 12, 9, 6, 11, 15]"
29,3,Greedy Best-First Search,14,43,1390,28626688,1746611426162,"[1, 0, 2, 4, 10, 6, 3, 8, 5, 14, 7, 12, 9, 13, 11, 15]"
29,3,A* Search,11,13,73,27562312,1746611426162,"[1, 0, 2, 4, 10, 6, 3, 8, 5, 14, 7, 12, 9, 13, 11, 15]"
29,4,Greedy Best-First Search,25,27,788,29087168,1746611426192,"[1, 0, 6, 3, 9, 2, 5, 4, 7, 11, 10, 8, 13, 14, 15, 12]"
29,4,A* Search,24,19,465,28731288,1746611426192,"[1, 0, 6, 3, 9, 2, 5, 4, 7, 11, 10, 8, 13, 14, 15, 12]"
29,5,Greedy Best-First Search,25,29,182,28470912,1746611426245,"[1, 2, 4, 7, 5, 6, 3, 8, 14, 13, 11, 0, 9, 15, 10, 12]"
29,5,A* Search,25,17,225,28464200,1746611426245,"[1, 2, 4, 7, 5, 6, 3, 8, 14, 13, 11, 0, 9, 15, 10, 12]"
30,1,Greedy Best-First Search,25,46,1015,29243312,1746611426300,"[1, 6, 0, 2, 5, 3, 10, 8, 9, 7, 12, 4, 13, 14, 11, 15]"
30,1,A* Search,24,20,931,29173160,1746611426300,"[1, 6, 0, 2, 5, 3, 10, 8, 9, 7, 12, 4, 13, 14, 11, 15]"
30,2,Greedy Best-First Search,29,74,3928,32562280,1746611426354,"[1, 6, 2, 4, 10, 3, 8, 0, 5, 14, 7, 15, 9, 13, 12, 11]"
30,2,A* Search,17,18,105,27098568,1746611426354,"[1, 6, 2, 4, 10, 3, 8, 0, 5, 14, 7, 15, 9, 13, 12, 11]"
30,3,Greedy Best-First Search,31,86,5350,34801928,1746611426406,"[1, 4, 8, 7, 10, 3, 5, 0, 9, 14, 2, 15, 6, 13, 12, 11]"
30,3,A* Search,26,30,2187,30349480,1746611426406,"[1, 4, 8, 7, 10, 3, 5, 0, 9, 14, 2, 15, 6, 13, 12, 11]"
30,4,Greedy Best-First Search,12,42,280,27391376,1746611426467,"[1, 2, 0, 11, 5, 6, 8, 7, 13, 14, 4, 3, 10, 15, 9, 12]"
30,4,A* Search,17,28,7025,32716040,1746611426467,"[1, 2, 0, 11, 5, 6, 8, 7, 13, 14, 4, 3, 10, 15, 9, 12]"
30,5,Greedy Best-First Search,33,96,5316,34136656,1746611426501,"[1, 2, 4, 8, 5, 3, 14, 11, 13, 9, 0, 7, 6, 15, 10, 12]"
30,5,A* Search,27,24,1838,29931312,1746611426501,"[1, 2, 4, 8, 5, 3, 14, 11, 13, 9, 0, 7, 6, 15, 10, 12]"
31,1,Greedy Best-First Search,13,45,494,27555152,1746611426565,"[2, 3, 10, 5, 1, 7, 8, 6, 13, 0, 9, 4, 14, 15, 11, 12]"
31,1,A* Search,25,31,9833,34709952,1746611426565,"[2, 3, 10, 5, 1, 7, 8, 6, 13, 0, 9, 4, 14, 15, 11, 12]"
31,2,Greedy Best-First Search,30,67,1387,29736728,1746611426608,"[1, 6, 3, 8, 5, 10, 4, 7, 14, 0, 2, 11, 9, 13, 15, 12]"
31,2,A* Search,28,21,1331,29373136,1746611426608,"[1, 6, 3, 8, 5, 10, 4, 7, 14, 0, 2, 11, 9, 13, 15, 12]"
31,3,Greedy Best-First Search,26,33,903,29423384,1746611426670,"[1, 0, 4, 7, 9, 3, 8, 10, 6, 2, 5, 11, 13, 14, 15, 12]"
31,3,A* Search,24,23,1154,29344648,1746611426670,"[1, 0, 4, 7, 9, 3, 8, 10, 6, 2, 5, 11, 13, 14, 15, 12]"
31,4,Greedy Best-First Search,25,43,765,29011424,1746611426725,"[1, 2, 8, 11, 5, 7, 4, 9, 13, 0, 10, 3, 15, 14, 6, 12]"
31,4,A* Search,43,31,14412,41638544,1746611426725,"[1, 2, 8, 11, 5, 7, 4, 9, 13, 0, 10, 3, 15, 14, 6, 12]"
31,5,Greedy Best-First Search,22,93,6225,33403808,1746611426797,"[1, 2, 9, 4, 5, 3, 0, 8, 14, 6, 7, 11, 15, 13, 10, 12]"
31,5,A* Search,26,27,13138,36994400,1746611426797,"[1, 2, 9, 4, 5, 3, 0, 8, 14, 6, 7, 11, 15, 13, 10, 12]"
32,1,Greedy Best-First Search,14,52,836,28908712,1746611426849,"[1, 2, 7, 3, 5, 0, 6, 4, 14, 13, 11, 8, 15, 10, 9, 12]"
32,1,A* Search,13,20,331,28144928,1746611426849,"[1, 2, 7, 3, 5, 0, 6, 4, 14, 13, 11, 8, 15, 10, 9, 12]"
32,2,Greedy Best-First Search,11,40,1432,29031688,1746611426881,"[3, 8, 5, 4, 2, 0, 1, 11, 9, 6, 10, 7, 13, 14, 15, 12]"
32,2,A* Search,11,20,176,27645600,1746611426881,"[3, 8, 5, 4, 2, 0, 1, 11, 9, 6, 10, 7, 13, 14, 15, 12]"
32,3,Greedy Best-First Search,13,68,3070,30451160,1746611426908,"[1, 4, 0, 8, 7, 2, 10, 3, 14, 9, 13, 12, 6, 5, 11, 15]"
32,3,A* Search,12,28,1781,29204672,1746611426908,"[1, 4, 0, 8, 7, 2, 10, 3, 14, 9, 13, 12, 6, 5, 11, 15]"
32,4,Greedy Best-First Search,11,38,262,28403656,1746611426937,"[2, 4, 0, 11, 1, 5, 7, 8, 13, 6, 9, 3, 10, 14, 15, 12]"
32,4,A* Search,51,30,30550,49979984,1746611426937,"[2, 4, 0, 11, 1, 5, 7, 8, 13, 6, 9, 3, 10, 14, 15, 12]"
32,5,Greedy Best-First Search,40,102,13476,43076544,1746611427004,"[1, 3, 4, 8, 9, 6, 2, 7, 14, 5, 0, 15, 10, 13, 12, 11]"
32,5,A* Search,54,28,20962,48177336,1746611427004,"[1, 3, 4, 8, 9, 6, 2, 7, 14, 5, 0, 15, 10, 13, 12, 11]"
33,1,Greedy Best-First Search,33,55,1727,30065184,1746611427103,"[1, 2, 7, 3, 5, 11, 4, 8, 13, 10, 9, 0, 15, 14, 6, 12]"
33,1,A* Search,48,27,12423,39715544,1746611427103,"[1, 2, 7, 3, 5, 11, 4, 8, 13, 10, 9, 0, 15, 14, 6, 12]"
33,2,Greedy Best-First Search,16,71,1173,28006808,1746611427190,"[1, 2, 4, 8, 5, 9, 3, 14, 10, 0, 7, 12, 6, 13, 11, 15]"
33,2,A* Search,189,31,106179,55366176,1746611427190,"[1, 2, 4, 8, 5, 9, 3, 14, 10, 0, 7, 12, 6, 13, 11, 15]"
33,3,Greedy Best-First Search,13,23,75,28238552,1746611427400,"[1, 3, 4, 8, 14, 2, 0, 10, 6, 5, 15, 7, 9, 13, 12, 11]"
33,3,A* Search,11,23,146,27647392,1746611427400,"[1, 3, 4, 8, 14, 2, 0, 10, 6, 5, 15, 7, 9, 13, 12, 11]"
33,4,Greedy Best-First Search,13,63,1713,29285368,1746611427428,"[1, 3, 9, 0, 7, 2, 8, 4, 10, 14, 6, 15, 5, 13, 12, 11]"
33,4,A* Search,16,27,1781,28856480,1746611427428,"[1, 3, 9, 0, 7, 2, 8, 4, 10, 14, 6, 15, 5, 13, 12, 11]"
33,5,Greedy Best-First Search,27,71,2890,31467368,1746611427461,"[1, 2, 11, 7, 5, 8, 15, 3, 9, 0, 6, 4, 13, 10, 14, 12]"
33,5,A* Search,26,19,219,28478992,1746611427461,"[1, 2, 11, 7, 5, 8, 15, 3, 9, 0, 6, 4, 13, 10, 14, 12]"
34,1,Greedy Best-First Search,29,42,487,28852560,1746611427519,"[1, 2, 4, 8, 5, 6, 11, 0, 13, 9, 3, 7, 10, 14, 15, 12]"
34,1,A* Search,24,18,479,28828400,1746611427519,"[1, 2, 4, 8, 5, 6, 11, 0, 13, 9, 3, 7, 10, 14, 15, 12]"
34,2,Greedy Best-First Search,27,80,2255,30793584,1746611427579,"[5, 1, 8, 11, 2, 9, 7, 0, 13, 4, 3, 15, 10, 14, 6, 12]"
34,2,A* Search,44,34,15471,42735880,1746611427579,"[5, 1, 8, 11, 2, 9, 7, 0, 13, 4, 3, 15, 10, 14, 6, 12]"
34,3,Greedy Best-First Search,27,32,429,28635288,1746611427654,"[1, 3, 8, 7, 6, 2, 10, 4, 0, 9, 13, 12, 5, 14, 11, 15]"
34,3,A* Search,25,22,789,29011280,1746611427654,"[1, 3, 8, 7, 6, 2, 10, 4, 0, 9, 13, 12, 5, 14, 11, 15]"
34,4,Greedy Best-First Search,30,108,4391,33165920,1746611427711,"[1, 2, 6, 3, 7, 14, 5, 4, 13, 15, 0, 8, 10, 9, 11, 12]"
34,4,A* Search,280,32,135781,61865984,1746611427711,"[1, 2, 6, 3, 7, 14, 5, 4, 13, 15, 0, 8, 10, 9, 11, 12]"
34,5,Greedy Best-First Search,8,36,376,28227984,1746611428025,"[1, 2, 11, 3, 5, 6, 4, 7, 0, 13, 15, 8, 10, 9, 14, 12]"
34,5,A* Search,11,20,479,28206480,1746611428025,"[1, 2, 11, 3, 5, 6, 4, 7, 0, 13, 15, 8, 10, 9, 14, 12]"
35,1,Greedy Best-First Search,12,75,2442,30271320,1746611428051,"[1, 2, 7, 4, 3, 5, 8, 15, 13, 9, 10, 11, 6, 14, 0, 12]"
35,1,A* Search,32,29,20131,42581552,1746611428051,"[1, 2, 7, 4, 3, 5, 8, 15, 13, 9, 10, 11, 6, 14, 0, 12]"
35,2,Greedy Best-First Search,22,25,179,26827664,1746611428100,"[1, 2, 3, 4, 9, 5, 0, 8, 6, 14, 7, 11, 10, 13, 15, 12]"
35,2,A* Search,12,19,1658,33615960,1746611428100,"[1, 2, 3, 4, 9, 5, 0, 8, 6, 14, 7, 11, 10, 13, 15, 12]"
35,3,Greedy Best-First Search,26,51,1123,29501360,1746611428140,"[1, 8, 3, 2, 10, 6, 0, 4, 5, 9, 7, 15, 13, 14, 12, 11]"
35,3,A* Search,25,23,1433,29829856,1746611428140,"[1, 8, 3, 2, 10, 6, 0, 4, 5, 9, 7, 15, 13, 14, 12, 11]"
35,4,Greedy Best-First Search,12,63,1431,29039360,1746611428196,"[1, 6, 2, 3, 5, 14, 15, 8, 9, 7, 12, 0, 10, 13, 11, 4]"
35,4,A* Search,21,27,9209,34486680,1746611428196,"[1, 6, 2, 3, 5, 14, 15, 8, 9, 7, 12, 0, 10, 13, 11, 4]"
35,5,Greedy Best-First Search,28,121,12186,39071488,1746611428233,"[1, 2, 6, 4, 3, 5, 0, 7, 13, 9, 11, 8, 15, 10, 14, 12]"
35,5,A* Search,28,27,16074,38807056,1746611428233,"[1, 2, 6, 4, 3, 5, 0, 7, 13, 9, 11, 8, 15, 10, 14, 12]"
36,1,Greedy Best-First Search,12,74,1189,28878136,1746611428292,"[1, 7, 14, 3, 4, 2, 8, 0, 6, 9, 10, 12, 5, 13, 11, 15]"
36,1,A* Search,23,30,12289,36846960,1746611428292,"[1, 7, 14, 3, 4, 2, 8, 0, 6, 9, 10, 12, 5, 13, 11, 15]"
36,2,Greedy Best-First Search,11,68,1079,28114552,1746611428332,"[1, 3, 9, 2, 6, 0, 8, 4, 13, 10, 7, 12, 14, 5, 11, 15]"
36,2,A* Search,10,22,346,28144672,1746611428332,"[1, 3, 9, 2, 6, 0, 8, 4, 13, 10, 7, 12, 14, 5, 11, 15]"
36,3,Greedy Best-First Search,11,70,954,28714520,1746611428357,"[5, 1, 7, 3, 2, 6, 4, 8, 13, 14, 0, 11, 15, 9, 10, 12]"
36,3,A* Search,18,24,1333,29323920,1746611428357,"[5, 1, 7, 3, 2, 6, 4, 8, 13, 14, 0, 11, 15, 9, 10, 12]"
36,4,Greedy Best-First Search,12,66,1717,28950256,1746611428391,"[1, 2, 0, 11, 5, 6, 8, 3, 14, 10, 7, 4, 15, 9, 13, 12]"
36,4,A* Search,40,30,27053,48218712,1746611428391,"[1, 2, 0, 11, 5, 6, 8, 3, 14, 10, 7, 4, 15, 9, 13, 12]"
36,5,Greedy Best-First Search,14,80,1996,29270376,1746611428447,"[1, 4, 3, 11, 5, 0, 10, 7, 9, 2, 8, 14, 13, 6, 15, 12]"
36,5,A* Search,28,28,15605,38741448,1746611428447,"[1, 4, 3, 11, 5, 0, 10, 7, 9, 2, 8, 14, 13, 6, 15, 12]"
37,1,Greedy Best-First Search,11,33,161,27982624,1746611428493,"[1, 2, 8, 0, 5, 6, 7, 3, 13, 9, 11, 4, 15, 10, 14, 12]"
37,1,A* Search,12,21,1169,28716648,1746611428493,"[1, 2, 8, 0, 5, 6, 7, 3, 13, 9, 11, 4, 15, 10, 14, 12]"
37,2,Greedy Best-First Search,11,39,1792,29277664,1746611428520,"[1, 2, 3, 0, 13, 7, 8, 4, 14, 6, 5, 12, 9, 10, 11, 15]"
37,2,A* Search,12,23,3065,30047264,1746611428520,"[1, 2, 3, 0, 13, 7, 8, 4, 14, 6, 5, 12, 9, 10, 11, 15]"
37,3,Greedy Best-First Search,12,57,1553,28782768,1746611428548,"[1, 6, 2, 8, 5, 4, 7, 3, 9, 13, 15, 0, 14, 10, 12, 11]"
37,3,A* Search,11,23,1092,28293296,1746611428548,"[1, 6, 2, 8, 5, 4, 7, 3, 9, 13, 15, 0, 14, 10, 12, 11]"
37,4,Greedy Best-First Search,10,33,405,27545664,1746611428576,"[1, 0, 6, 8, 5, 10, 2, 4, 9, 7, 11, 3, 13, 14, 15, 12]"
37,4,A* Search,11,17,243,28064128,1746611428576,"[1, 0, 6, 8, 5, 10, 2, 4, 9, 7, 11, 3, 13, 14, 15, 12]"
37,5,Greedy Best-First Search,12,43,1480,28698120,1746611428601,"[1, 2, 3, 0, 5, 11, 8, 4, 13, 6, 7, 15, 10, 9, 14, 12]"
37,5,A* Search,17,19,514,28229144,1746611428601,"[1, 2, 3, 0, 5, 11, 8, 4, 13, 6, 7, 15, 10, 9, 14, 12]"
38,1,Greedy Best-First Search,20,106,3680,31347432,1746611428634,"[1, 14, 3, 8, 2, 0, 4, 10, 7, 13, 6, 15, 9, 5, 12, 11]"
38,1,A* Search,603,38,326792,178098104,1746611428634,"[1, 14, 3, 8, 2, 0, 4, 10, 7, 13, 6, 15, 9, 5, 12, 11]"
38,2,Greedy Best-First Search,8,52,1802,28163816,1746611429262,"[1, 14, 6, 2, 10, 7, 4, 3, 5, 8, 12, 15, 9, 13, 11, 0]"
38,2,A* Search,5,26,244,33072184,1746611429262,"[1, 14, 6, 2, 10, 7, 4, 3, 5, 8, 12, 15, 9, 13, 11, 0]"
38,3,Greedy Best-First Search,12,10,63,28359312,1746611429281,"[2, 5, 3, 4, 1, 6, 8, 0, 9, 10, 7, 11, 13, 14, 15, 12]"
38,3,A* Search,6,10,46,26972872,1746611429281,"[2, 5, 3, 4, 1, 6, 8, 0, 9, 10, 7, 11, 13, 14, 15, 12]"
38,4,Greedy Best-First Search,10,52,1905,28349232,1746611429304,"[1, 2, 0, 3, 5, 6, 4, 7, 9, 14, 11, 12, 10, 13, 15, 8]"
38,4,A* Search,119,28,77781,85208192,1746611429304,"[1, 2, 0, 3, 5, 6, 4, 7, 9, 14, 11, 12, 10, 13, 15, 8]"
38,5,Greedy Best-First Search,12,116,3771,30829016,1746611429438,"[1, 8, 0, 3, 7, 2, 14, 4, 10, 5, 6, 11, 9, 13, 15, 12]"
38,5,A* Search,11,24,1199,27843320,1746611429438,"[1, 8, 0, 3, 7, 2, 14, 4, 10, 5, 6, 11, 9, 13, 15, 12]"
39,1,Greedy Best-First Search,13,77,2785,30047496,1746611429467,"[2, 5, 15, 3, 1, 7, 4, 8, 13, 0, 11, 9, 10, 6, 14, 12]"
39,1,A* Search,88,33,52606,50736944,1746611429467,"[2, 5, 15, 3, 1, 7, 4, 8, 13, 0, 11, 9, 10, 6, 14, 12]"
39,2,Greedy Best-First Search,14,157,5234,32363560,1746611429572,"[1, 3, 4, 10, 6, 8, 0, 9, 5, 14, 11, 2, 7, 13, 15, 12]"
39,2,A* Search,105,35,58812,71346624,1746611429572,"[1, 3, 4, 10, 6, 8, 0, 9, 5, 14, 11, 2, 7, 13, 15, 12]"
39,3,Greedy Best-First Search,8,39,803,28169280,1746611429697,"[5, 1, 3, 0, 2, 9, 6, 4, 13, 7, 11, 8, 14, 15, 10, 12]"
39,3,A* Search,11,19,92,26882632,1746611429697,"[5, 1, 3, 0, 2, 9, 6, 4, 13, 7, 11, 8, 14, 15, 10, 12]"
39,4,Greedy Best-First Search,12,91,3414,30645552,1746611429722,"[1, 10, 3, 4, 5, 6, 8, 2, 9, 0, 12, 7, 13, 14, 11, 15]"
39,4,A* Search,8,21,2359,28404416,1746611429722,"[1, 10, 3, 4, 5, 6, 8, 2, 9, 0, 12, 7, 13, 14, 11, 15]"
39,5,Greedy Best-First Search,13,39,1425,29216960,1746611429747,"[2, 5, 8, 7, 1, 6, 0, 15, 9, 10, 3, 11, 13, 14, 4, 12]"
39,5,A* Search,28,29,20028,42326264,1746611429747,"[2, 5, 8, 7, 1, 6, 0, 15, 9, 10, 3, 11, 13, 14, 4, 12]"
40,1,Greedy Best-First Search,26,150,14406,41044960,1746611429793,"[3, 5, 4, 7, 2, 1, 8, 0, 10, 6, 13, 11, 14, 15, 9, 12]"
40,1,A* Search,400,36,211787,123416280,1746611429793,"[3, 5, 4, 7, 2, 1, 8, 0, 10, 6, 13, 11, 14, 15, 9, 12]"
40,2,Greedy Best-First Search,20,120,9924,36392656,1746611430225,"[4, 1, 3, 8, 2, 0, 11, 14, 9, 5, 7, 15, 13, 10, 6, 12]"
40,2,A* Search,189,34,108916,59769288,1746611430225,"[4, 1, 3, 8, 2, 0, 11, 14, 9, 5, 7, 15, 13, 10, 6, 12]"
40,3,Greedy Best-First Search,13,96,3422,29817128,1746611430440,"[1, 2, 4, 8, 5, 7, 10, 0, 14, 3, 6, 15, 9, 13, 12, 11]"
40,3,A* Search,15,24,1815,29148296,1746611430440,"[1, 2, 4, 8, 5, 7, 10, 0, 14, 3, 6, 15, 9, 13, 12, 11]"
40,4,Greedy Best-First Search,6,50,1653,28394328,1746611430475,"[2, 3, 8, 7, 1, 5, 10, 0, 9, 15, 11, 4, 13, 6, 14, 12]"
40,4,A* Search,10,20,211,27029856,1746611430475,"[2, 3, 8, 7, 1, 5, 10, 0, 9, 15, 11, 4, 13, 6, 14, 12]"
40,5,Greedy Best-First Search,11,56,1955,29451392,1746611430496,"[1, 8, 7, 2, 6, 0, 4, 3, 5, 13, 10, 12, 14, 9, 11, 15]"
40,5,A* Search,7,22,273,27080392,1746611430496,"[1, 8, 7, 2, 6, 0, 4, 3, 5, 13, 10, 12, 14, 9, 11, 15]"
41,1,Greedy Best-First Search,12,21,73,27851096,1746611430520,"[1, 7, 4, 0, 14, 3, 10, 8, 6, 2, 5, 12, 9, 13, 11, 15]"
41,1,A* Search,7,21,116,27075136,1746611430520,"[1, 7, 4, 0, 14, 3, 10, 8, 6, 2, 5, 12, 9, 13, 11, 15]"
41,2,Greedy Best-First Search,8,105,2234,29031512,1746611430544,"[1, 4, 6, 8, 0, 14, 2, 3, 9, 13, 7, 15, 10, 5, 12, 11]"
41,2,A* Search,18,31,8130,33863136,1746611430544,"[1, 4, 6, 8, 0, 14, 2, 3, 9, 13, 7, 15, 10, 5, 12, 11]"
41,3,Greedy Best-First Search,21,107,9030,35265192,1746611430578,"[1, 3, 8, 10, 9, 2, 4, 5, 6, 15, 12, 0, 13, 14, 11, 7]"
41,3,A* Search,84,33,53843,66801952,1746611430578,"[1, 3, 8, 10, 9, 2, 4, 5, 6, 15, 12, 0, 13, 14, 11, 7]"
41,4,Greedy Best-First Search,11,49,1131,28643976,1746611430690,"[1, 8, 7, 3, 5, 2, 0, 4, 9, 14, 10, 12, 6, 13, 11, 15]"
41,4,A* Search,7,21,722,27437552,1746611430690,"[1, 8, 7, 3, 5, 2, 0, 4, 9, 14, 10, 12, 6, 13, 11, 15]"
41,5,Greedy Best-First Search,14,75,1182,28822024,1746611430713,"[1, 2, 7, 6, 5, 10, 4, 11, 9, 0, 15, 3, 13, 8, 14, 12]"
41,5,A* Search,14,25,3650,31104568,1746611430713,"[1, 2, 7, 6, 5, 10, 4, 11, 9, 0, 15, 3, 13, 8, 14, 12]"
42,1,Greedy Best-First Search,7,86,1424,27995576,1746611430746,"[1, 2, 7, 11, 9, 4, 10, 3, 6, 14, 0, 8, 5, 13, 15, 12]"
42,1,A* Search,15,26,2790,29766736,1746611430746,"[1, 2, 7, 11, 9, 4, 10, 3, 6, 14, 0, 8, 5, 13, 15, 12]"
42,2,Greedy Best-First Search,5,56,1284,28095048,1746611430774,"[1, 2, 0, 3, 7, 10, 8, 6, 5, 14, 11, 4, 9, 13, 15, 12]"
42,2,A* Search,10,22,1284,27887352,1746611430774,"[1, 2, 0, 3, 7, 10, 8, 6, 5, 14, 11, 4, 9, 13, 15, 12]"
42,3,Greedy Best-First Search,8,70,1674,28121016,1746611430795,"[1, 2, 15, 7, 5, 6, 11, 3, 0, 13, 8, 4, 10, 9, 14, 12]"
42,3,A* Search,8,24,857,27526608,1746611430795,"[1, 2, 15, 7, 5, 6, 11, 3, 0, 13, 8, 4, 10, 9, 14, 12]"
42,4,Greedy Best-First Search,44,116,22476,43390808,1746611430816,"[1, 4, 0, 7, 2, 3, 5, 10, 6, 9, 8, 15, 13, 14, 12, 11]"
42,4,A* Search,24,30,13378,36805936,1746611430816,"[1, 4, 0, 7, 2, 3, 5, 10, 6, 9, 8, 15, 13, 14, 12, 11]"
42,5,Greedy Best-First Search,18,76,3801,30722216,1746611430889,"[5, 1, 0, 3, 2, 7, 8, 11, 13, 9, 4, 15, 6, 10, 14, 12]"
42,5,A* Search,12,28,2139,30277744,1746611430889,"[5, 1, 0, 3, 2, 7, 8, 11, 13, 9, 4, 15, 6, 10, 14, 12]"
43,1,Greedy Best-First Search,29,155,12487,35038152,1746611430925,"[3, 8, 10, 14, 2, 1, 0, 4, 13, 9, 15, 11, 5, 7, 6, 12]"
43,1,A* Search,588,41,313599,181425152,1746611430925,"[3, 8, 10, 14, 2, 1, 0, 4, 13, 9, 15, 11, 5, 7, 6, 12]"
43,2,Greedy Best-First Search,6,7,16,27841248,1746611431550,"[1, 0, 2, 3, 5, 6, 8, 4, 9, 10, 7, 11, 13, 14, 15, 12]"
43,2,A* Search,14,7,16,26918104,1746611431550,"[1, 0, 2, 3, 5, 6, 8, 4, 9, 10, 7, 11, 13, 14, 15, 12]"
43,3,Greedy Best-First Search,6,13,31,27340336,1746611431576,"[1, 6, 2, 3, 0, 9, 8, 4, 10, 5, 7, 11, 13, 14, 15, 12]"
43,3,A* Search,8,13,47,26856064,1746611431576,"[1, 6, 2, 3, 0, 9, 8, 4, 10, 5, 7, 11, 13, 14, 15, 12]"
43,4,Greedy Best-First Search,12,59,976,28416664,1746611431594,"[1, 6, 3, 8, 14, 10, 12, 2, 5, 13, 11, 4, 9, 7, 0, 15]"
43,4,A* Search,50,31,26813,40273368,1746611431594,"[1, 6, 3, 8, 14, 10, 12, 2, 5, 13, 11, 4, 9, 7, 0, 15]"
43,5,Greedy Best-First Search,18,89,2553,30434272,1746611431662,"[1, 7, 3, 2, 14, 8, 6, 4, 10, 0, 5, 15, 9, 13, 12, 11]"
43,5,A* Search,407,35,220766,98409200,1746611431662,"[1, 7, 3, 2, 14, 8, 6, 4, 10, 0, 5, 15, 9, 13, 12, 11]"
44,1,Greedy Best-First Search,27,122,9472,37184328,1746611432093,"[2, 3, 4, 11, 7, 1, 6, 5, 13, 9, 15, 8, 10, 0, 14, 12]"
44,1,A* Search,220,34,118751,64867976,1746611432093,"[2, 3, 4, 11, 7, 1, 6, 5, 13, 9, 15, 8, 10, 0, 14, 12]"
44,2,Greedy Best-First Search,14,90,6396,33127056,1746611432346,"[1, 8, 3, 6, 5, 13, 7, 2, 0, 9, 11, 4, 14, 10, 15, 12]"
44,2,A* Search,48,30,26418,46193840,1746611432346,"[1, 8, 3, 6, 5, 13, 7, 2, 0, 9, 11, 4, 14, 10, 15, 12]"
44,3,Greedy Best-First Search,9,60,678,28379112,1746611432413,"[2, 4, 7, 8, 1, 5, 13, 3, 14, 6, 0, 11, 15, 10, 9, 12]"
44,3,A* Search,8,28,1656,28090800,1746611432413,"[2, 4, 7, 8, 1, 5, 13, 3, 14, 6, 0, 11, 15, 10, 9, 12]"
44,4,Greedy Best-First Search,13,36,453,28073616,1746611432435,"[2, 3, 6, 4, 1, 5, 7, 8, 14, 10, 0, 11, 13, 15, 9, 12]"
44,4,A* Search,27,26,19577,41562248,1746611432435,"[2, 3, 6, 4, 1, 5, 7, 8, 14, 10, 0, 11, 13, 15, 9, 12]"
44,5,Greedy Best-First Search,11,106,3468,29896744,1746611432480,"[1, 7, 10, 4, 9, 8, 2, 0, 3, 5, 6, 12, 13, 14, 11, 15]"
44,5,A* Search,14,26,2130,29284192,1746611432480,"[1, 7, 10, 4, 9, 8, 2, 0, 3, 5, 6, 12, 13, 14, 11, 15]"
45,1,Greedy Best-First Search,14,101,4010,30306304,1746611432510,"[1, 3, 4, 2, 0, 14, 11, 8, 6, 13, 15, 10, 5, 9, 12, 7]"
45,1,A* Search,179,35,110647,109274872,1746611432510,"[1, 3, 4, 2, 0, 14, 11, 8, 6, 13, 15, 10, 5, 9, 12, 7]"
45,2,Greedy Best-First Search,13,93,2703,30080488,1746611432708,"[1, 0, 2, 15, 5, 6, 3, 7, 9, 11, 12, 14, 10, 13, 4, 8]"
45,2,A* Search,587,37,304271,167508032,1746611432708,"[1, 0, 2, 15, 5, 6, 3, 7, 9, 11, 12, 14, 10, 13, 4, 8]"
45,3,Greedy Best-First Search,15,113,4912,31317824,1746611433314,"[1, 4, 8, 7, 6, 3, 15, 10, 14, 9, 12, 0, 5, 13, 11, 2]"
45,3,A* Search,18,33,8691,32670272,1746611433314,"[1, 4, 8, 7, 6, 3, 15, 10, 14, 9, 12, 0, 5, 13, 11, 2]"
45,4,Greedy Best-First Search,16,125,5092,32918720,1746611433352,"[1, 3, 8, 4, 5, 7, 0, 10, 14, 13, 6, 12, 2, 9, 11, 15]"
45,4,A* Search,64,31,41693,48455776,1746611433352,"[1, 3, 8, 4, 5, 7, 0, 10, 14, 13, 6, 12, 2, 9, 11, 15]"
45,5,Greedy Best-First Search,30,155,13091,36263488,1746611433438,"[1, 9, 2, 4, 14, 3, 6, 8, 7, 0, 13, 12, 10, 5, 11, 15]"
45,5,A* Search,14,27,2283,29439688,1746611433438,"[1, 9, 2, 4, 14, 3, 6, 8, 7, 0, 13, 12, 10, 5, 11, 15]"
46,1,Greedy Best-First Search,6,76,1222,28131976,1746611433488,"[1, 7, 6, 2, 4, 14, 3, 11, 5, 8, 10, 12, 9, 13, 15, 0]"
46,1,A* Search,29,32,17446,39664672,1746611433488,"[1, 7, 6, 2, 4, 14, 3, 11, 5, 8, 10, 12, 9, 13, 15, 0]"
46,2,Greedy Best-First Search,17,174,4021,32393816,1746611433528,"[1, 4, 0, 7, 14, 3, 10, 6, 12, 13, 2, 8, 5, 9, 11, 15]"
46,2,A* Search,8,30,519,27757624,1746611433528,"[1, 4, 0, 7, 14, 3, 10, 6, 12, 13, 2, 8, 5, 9, 11, 15]"
46,3,Greedy Best-First Search,10,58,1896,28455160,1746611433557,"[0, 5, 7, 3, 2, 1, 4, 8, 14, 13, 10, 11, 6, 9, 15, 12]"
46,3,A* Search,14,26,1618,28914408,1746611433557,"[0, 5, 7, 3, 2, 1, 4, 8, 14, 13, 10, 11, 6, 9, 15, 12]"
46,4,Greedy Best-First Search,4,16,78,27066384,1746611433586,"[1, 6, 2, 3, 10, 9, 8, 4, 0, 5, 7, 12, 13, 14, 11, 15]"
46,4,A* Search,8,14,77,27081752,1746611433586,"[1, 6, 2, 3, 10, 9, 8, 4, 0, 5, 7, 12, 13, 14, 11, 15]"
46,5,Greedy Best-First Search,17,150,7397,35489888,1746611433604,"[1, 14, 3, 6, 5, 0, 4, 8, 7, 10, 15, 2, 9, 13, 12, 11]"
46,5,A* Search,100,34,52480,50783464,1746611433604,"[1, 14, 3, 6, 5, 0, 4, 8, 7, 10, 15, 2, 9, 13, 12, 11]"
47,1,Greedy Best-First Search,16,149,6566,33923480,1746611433727,"[3, 8, 5, 7, 2, 1, 0, 4, 13, 6, 15, 11, 14, 10, 9, 12]"
47,1,A* Search,13,27,667,29014336,1746611433727,"[3, 8, 5, 7, 2, 1, 0, 4, 13, 6, 15, 11, 14, 10, 9, 12]"
47,2,Greedy Best-First Search,16,129,8200,35804784,1746611433761,"[2, 3, 10, 0, 7, 14, 5, 4, 9, 6, 15, 11, 13, 1, 8, 12]"
47,2,A* Search,719,39,392416,215556744,1746611433761,"[2, 3, 10, 0, 7, 14, 5, 4, 9, 6, 15, 11, 13, 1, 8, 12]"
47,3,Greedy Best-First Search,8,65,539,28259808,1746611434501,"[1, 2, 3, 11, 5, 4, 7, 13, 15, 6, 14, 0, 9, 8, 10, 12]"
47,3,A* Search,988,39,501929,202449768,1746611434501,"[1, 2, 3, 11, 5, 4, 7, 13, 15, 6, 14, 0, 9, 8, 10, 12]"
47,4,Greedy Best-First Search,5,69,1140,28153536,1746611435504,"[1, 5, 2, 15, 9, 14, 4, 3, 10, 0, 12, 11, 7, 13, 8, 6]"
47,4,A* Search,60,37,40755,51334512,1746611435504,"[1, 5, 2, 15, 9, 14, 4, 3, 10, 0, 12, 11, 7, 13, 8, 6]"
47,5,Greedy Best-First Search,16,89,2809,29956392,1746611435574,"[1, 3, 6, 4, 10, 14, 13, 2, 7, 12, 8, 15, 5, 9, 0, 11]"
47,5,A* Search,14,33,5842,32070896,1746611435574,"[1, 3, 6, 4, 10, 14, 13, 2, 7, 12, 8, 15, 5, 9, 0, 11]"
48,1,Greedy Best-First Search,8,48,569,27234656,1746611435609,"[1, 2, 8, 3, 5, 0, 7, 11, 13, 6, 4, 15, 14, 10, 9, 12]"
48,1,A* Search,16,22,563,28133592,1746611435609,"[1, 2, 8, 3, 5, 0, 7, 11, 13, 6, 4, 15, 14, 10, 9, 12]"
48,2,Greedy Best-First Search,10,60,335,27344456,1746611435642,"[1, 2, 3, 4, 14, 0, 13, 11, 8, 10, 15, 7, 5, 9, 6, 12]"
48,2,A* Search,16,30,7544,32340480,1746611435642,"[1, 2, 3, 4, 14, 0, 13, 11, 8, 10, 15, 7, 5, 9, 6, 12]"
48,3,Greedy Best-First Search,16,106,6120,33466992,1746611435672,"[1, 6, 5, 3, 10, 9, 2, 4, 7, 14, 15, 8, 13, 0, 12, 11]"
48,3,A* Search,7,24,718,27454224,1746611435672,"[1, 6, 5, 3, 10, 9, 2, 4, 7, 14, 15, 8, 13, 0, 12, 11]"
48,4,Greedy Best-First Search,15,82,3101,30341040,1746611435702,"[1, 2, 4, 8, 13, 14, 6, 7, 11, 10, 0, 3, 5, 9, 15, 12]"
48,4,A* Search,47,30,30517,40044096,1746611435702,"[1, 2, 4, 8, 13, 14, 6, 7, 11, 10, 0, 3, 5, 9, 15, 12]"
48,5,Greedy Best-First Search,9,110,3901,30470528,1746611435769,"[2, 8, 3, 4, 1, 5, 11, 9, 13, 6, 14, 7, 15, 0, 10, 12]"
48,5,A* Search,302,34,166514,70248808,1746611435769,"[2, 8, 3, 4, 1, 5, 11, 9, 13, 6, 14, 7, 15, 0, 10, 12]"
49,1,Greedy Best-First Search,4,35,131,27164744,1746611436086,"[1, 2, 8, 3, 7, 6, 0, 13, 10, 9, 11, 4, 14, 5, 15, 12]"
49,1,A* Search,133,33,79178,87136200,1746611436086,"[1, 2, 8, 3, 7, 6, 0, 13, 10, 9, 11, 4, 14, 5, 15, 12]"
49,2,Greedy Best-First Search,13,105,3531,31479280,1746611436230,"[1, 4, 14, 2, 13, 7, 0, 8, 5, 10, 6, 12, 3, 9, 11, 15]"
49,2,A* Search,14873,43,6351852,2743788280,1746611436230,"[1, 4, 14, 2, 13, 7, 0, 8, 5, 10, 6, 12, 3, 9, 11, 15]"
49,3,Greedy Best-First Search,6,49,2417,32133032,1746611451123,"[2, 4, 5, 3, 10, 9, 6, 8, 13, 0, 1, 11, 14, 15, 7, 12]"
49,3,A* Search,46,31,34173,52014288,1746611451123,"[2, 4, 5, 3, 10, 9, 6, 8, 13, 0, 1, 11, 14, 15, 7, 12]"
49,4,Greedy Best-First Search,10,83,1070,29498432,1746611451185,"[5, 1, 3, 4, 2, 13, 11, 7, 15, 14, 9, 8, 10, 6, 0, 12]"
49,4,A* Search,14,29,8216,32902480,1746611451185,"[5, 1, 3, 4, 2, 13, 11, 7, 15, 14, 9, 8, 10, 6, 0, 12]"
49,5,Greedy Best-First Search,14,53,2085,29535568,1746611451215,"[3, 8, 6, 0, 2, 1, 5, 4, 9, 10, 7, 11, 13, 14, 15, 12]"
49,5,A* Search,7,19,151,28415184,1746611451215,"[3, 8, 6, 0, 2, 1, 5, 4, 9, 10, 7, 11, 13, 14, 15, 12]"
50,1,Greedy Best-First Search,16,46,1285,28008624,1746611451244,"[1, 6, 0, 2, 5, 7, 10, 8, 14, 3, 4, 11, 9, 13, 15, 12]"
50,1,A* Search,23,26,5646,31845600,1746611451244,"[1, 6, 0, 2, 5, 7, 10, 8, 14, 3, 4, 11, 9, 13, 15, 12]"
50,2,Greedy Best-First Search,13,20,54,27914696,1746611451293,"[2, 3, 4, 7, 1, 5, 15, 11, 13, 9, 6, 8, 10, 0, 14, 12]"
50,2,A* Search,12,20,54,26936096,1746611451293,"[2, 3, 4, 7, 1, 5, 15, 11, 13, 9, 6, 8, 10, 0, 14, 12]"
50,3,Greedy Best-First Search,30,150,9238,37954696,1746611451324,"[1, 6, 2, 10, 7, 11, 3, 8, 0, 9, 15, 5, 13, 14, 12, 4]"
50,3,A* Search,1050,38,544157,320351096,1746611451324,"[1, 6, 2, 10, 7, 11, 3, 8, 0, 9, 15, 5, 13, 14, 12, 4]"
50,4,Greedy Best-First Search,20,126,9107,34865880,1746611452408,"[1, 4, 5, 8, 7, 9, 10, 0, 2, 3, 14, 11, 6, 13, 15, 12]"
50,4,A* Search,105,36,68165,56617984,1746611452408,"[1, 4, 5, 8, 7, 9, 10, 0, 2, 3, 14, 11, 6, 13, 15, 12]"
50,5,Greedy Best-First Search,8,70,993,27839304,1746611452539,"[5, 1, 6, 3, 2, 14, 11, 4, 15, 9, 0, 8, 10, 13, 7, 12]"
50,5,A* Search,37,30,16637,40486144,1746611452539,"[5, 1, 6, 3, 2, 14, 11, 4, 15, 9, 0, 8, 10, 13, 7, 12]"
51,1,Greedy Best-First Search,6,29,240,27364032,1746611452592,"[1, 3, 7, 4, 10, 9, 2, 8, 5, 0, 12, 15, 13, 14, 6, 11]"
51,1,A* Search,11,23,2653,28818600,1746611452592,"[1, 3, 7, 4, 10, 9, 2, 8, 5, 0, 12, 15, 13, 14, 6, 11]"
51,2,Greedy Best-First Search,6,23,67,26926448,1746611452614,"[1, 3, 7, 6, 0, 9, 2, 4, 14, 5, 12, 8, 10, 13, 11, 15]"
51,2,A* Search,9,23,496,27186752,1746611452614,"[1, 3, 7, 6, 0, 9, 2, 4, 14, 5, 12, 8, 10, 13, 11, 15]"
51,3,Greedy Best-First Search,16,135,6632,32226392,1746611452635,"[2, 5, 3, 8, 1, 9, 13, 11, 14, 0, 10, 4, 15, 6, 7, 12]"
51,3,A* Search,2586,39,1249751,661390880,1746611452635,"[2, 5, 3, 8, 1, 9, 13, 11, 14, 0, 10, 4, 15, 6, 7, 12]"
51,4,Greedy Best-First Search,10,33,813,29654672,1746611455242,"[1, 3, 7, 10, 5, 2, 11, 8, 9, 13, 14, 4, 0, 6, 15, 12]"
51,4,A* Search,70,31,43594,44644208,1746611455242,"[1, 3, 7, 10, 5, 2, 11, 8, 9, 13, 14, 4, 0, 6, 15, 12]"
51,5,Greedy Best-First Search,30,175,17720,46828496,1746611455329,"[3, 6, 5, 11, 2, 1, 0, 7, 13, 9, 14, 4, 15, 8, 10, 12]"
51,5,A* Search,298,39,188468,105124160,1746611455329,"[3, 6, 5, 11, 2, 1, 0, 7, 13, 9, 14, 4, 15, 8, 10, 12]"
52,1,Greedy Best-First Search,19,156,8832,37284048,1746611455667,"[3, 7, 10, 8, 2, 1, 4, 11, 13, 6, 0, 5, 14, 9, 15, 12]"
52,1,A* Search,35,32,17095,33481032,1746611455667,"[3, 7, 10, 8, 2, 1, 4, 11, 13, 6, 0, 5, 14, 9, 15, 12]"
52,2,Greedy Best-First Search,13,34,269,28018008,1746611455725,"[1, 2, 8, 3, 5, 7, 11, 4, 13, 14, 0, 6, 10, 15, 9, 12]"
52,2,A* Search,8,22,930,28161736,1746611455725,"[1, 2, 8, 3, 5, 7, 11, 4, 13, 14, 0, 6, 10, 15, 9, 12]"
52,3,Greedy Best-First Search,15,124,3106,30134672,1746611455752,"[1, 5, 6, 2, 4, 0, 7, 3, 8, 14, 9, 15, 10, 13, 12, 11]"
52,3,A* Search,254,38,145353,76090392,1746611455752,"[1, 5, 6, 2, 4, 0, 7, 3, 8, 14, 9, 15, 10, 13, 12, 11]"
52,4,Greedy Best-First Search,9,56,1137,27524000,1746611456026,"[1, 7, 0, 9, 5, 2, 12, 4, 10, 6, 3, 15, 13, 14, 8, 11]"
52,4,A* Search,361,34,214947,132263216,1746611456026,"[1, 7, 0, 9, 5, 2, 12, 4, 10, 6, 3, 15, 13, 14, 8, 11]"
52,5,Greedy Best-First Search,7,42,281,26918744,1746611456401,"[2, 3, 4, 8, 1, 5, 11, 0, 13, 7, 6, 14, 15, 10, 9, 12]"
52,5,A* Search,15,28,5672,30980480,1746611456401,"[2, 3, 4, 8, 1, 5, 11, 0, 13, 7, 6, 14, 15, 10, 9, 12]"
53,1,Greedy Best-First Search,13,105,4368,31912104,1746611456428,"[1, 4, 8, 7, 2, 14, 0, 10, 5, 6, 3, 11, 9, 13, 15, 12]"
53,1,A* Search,6,25,1133,27708800,1746611456428,"[1, 4, 8, 7, 2, 14, 0, 10, 5, 6, 3, 11, 9, 13, 15, 12]"
53,2,Greedy Best-First Search,15,85,1699,29284912,1746611456453,"[15, 0, 3, 4, 1, 5, 14, 8, 9, 10, 2, 11, 13, 7, 6, 12]"
53,2,A* Search,17,29,6820,33262616,1746611456453,"[15, 0, 3, 4, 1, 5, 14, 8, 9, 10, 2, 11, 13, 7, 6, 12]"
53,3,Greedy Best-First Search,24,155,12878,40567568,1746611456490,"[1, 14, 9, 8, 0, 3, 4, 7, 2, 5, 10, 12, 6, 13, 11, 15]"
53,3,A* Search,104,35,68736,78561912,1746611456490,"[1, 14, 9, 8, 0, 3, 4, 7, 2, 5, 10, 12, 6, 13, 11, 15]"
53,4,Greedy Best-First Search,5,59,792,27685776,1746611456623,"[2, 11, 14, 7, 1, 5, 4, 8, 9, 0, 6, 3, 13, 10, 15, 12]"
53,4,A* Search,53,31,39927,56330296,1746611456623,"[2, 11, 14, 7, 1, 5, 4, 8, 9, 0, 6, 3, 13, 10, 15, 12]"
53,5,Greedy Best-First Search,14,101,3447,30053528,1746611456687,"[2, 4, 8, 5, 1, 6, 3, 11, 15, 13, 10, 7, 14, 9, 0, 12]"
53,5,A* Search,266,37,156994,94726840,1746611456687,"[2, 4, 8, 5, 1, 6, 3, 11, 15, 13, 10, 7, 14, 9, 0, 12]"
54,1,Greedy Best-First Search,8,108,1693,28141168,1746611456973,"[1, 2, 0, 3, 5, 13, 9, 6, 10, 14, 4, 7, 11, 15, 8, 12]"
54,1,A* Search,97,34,63090,73373960,1746611456973,"[1, 2, 0, 3, 5, 13, 9, 6, 10, 14, 4, 7, 11, 15, 8, 12]"
54,2,Greedy Best-First Search,15,110,4331,31316784,1746611457084,"[1, 2, 0, 4, 11, 6, 8, 9, 10, 13, 15, 7, 14, 5, 12, 3]"
54,2,A* Search,479,38,264840,154342320,1746611457084,"[1, 2, 0, 4, 11, 6, 8, 9, 10, 13, 15, 7, 14, 5, 12, 3]"
54,3,Greedy Best-First Search,15,152,6544,35091392,1746611457584,"[1, 8, 2, 3, 5, 0, 7, 14, 13, 4, 12, 6, 9, 10, 11, 15]"
54,3,A* Search,2608,38,1275700,796047776,1746611457584,"[1, 8, 2, 3, 5, 0, 7, 14, 13, 4, 12, 6, 9, 10, 11, 15]"
54,4,Greedy Best-First Search,18,154,10571,38213112,1746611460214,"[1, 4, 3, 10, 13, 9, 2, 8, 5, 14, 0, 12, 7, 6, 11, 15]"
54,4,A* Search,754,38,427470,219421832,1746611460214,"[1, 4, 3, 10, 13, 9, 2, 8, 5, 14, 0, 12, 7, 6, 11, 15]"
54,5,Greedy Best-First Search,7,88,1039,28941168,1746611460992,"[1, 8, 3, 2, 5, 0, 9, 10, 7, 14, 6, 12, 11, 13, 4, 15]"
54,5,A* Search,4618,42,2156738,1273432936,1746611460992,"[1, 8, 3, 2, 5, 0, 9, 10, 7, 14, 6, 12, 11, 13, 4, 15]"
55,1,Greedy Best-First Search,8,97,3889,31586856,1746611465625,"[5, 1, 11, 6, 2, 3, 7, 14, 13, 0, 9, 4, 10, 8, 15, 12]"
55,1,A* Search,1806,41,887205,485089336,1746611465625,"[5, 1, 11, 6, 2, 3, 7, 14, 13, 0, 9, 4, 10, 8, 15, 12]"
55,2,Greedy Best-First Search,22,151,11453,41155312,1746611467445,"[4, 6, 9, 8, 2, 1, 0, 11, 13, 5, 14, 7, 10, 3, 15, 12]"
55,2,A* Search,26,35,14125,37250472,1746611467445,"[4, 6, 9, 8, 2, 1, 0, 11, 13, 5, 14, 7, 10, 3, 15, 12]"
55,3,Greedy Best-First Search,15,117,1616,29432320,1746611467499,"[2, 7, 10, 3, 1, 5, 4, 13, 15, 14, 8, 0, 6, 11, 9, 12]"
55,3,A* Search,1303,41,630258,375837192,1746611467499,"[2, 7, 10, 3, 1, 5, 4, 13, 15, 14, 8, 0, 6, 11, 9, 12]"
55,4,Greedy Best-First Search,19,147,8702,39168880,1746611468822,"[1, 10, 7, 0, 9, 2, 11, 4, 6, 3, 15, 12, 13, 14, 8, 5]"
55,4,A* Search,230,35,129000,73719112,1746611468822,"[1, 10, 7, 0, 9, 2, 11, 4, 6, 3, 15, 12, 13, 14, 8, 5]"
55,5,Greedy Best-First Search,16,91,4527,29657480,1746611469077,"[2, 3, 14, 4, 1, 5, 0, 8, 6, 13, 15, 7, 10, 11, 9, 12]"
55,5,A* Search,988,35,307881,164561712,1746611469077,"[2, 3, 14, 4, 1, 5, 0, 8, 6, 13, 15, 7, 10, 11, 9, 12]"
56,1,Greedy Best-First Search,35,68,3648,29694048,1746611470088,"[1, 3, 8, 6, 14, 10, 2, 4, 0, 5, 7, 15, 13, 9, 12, 11]"
56,1,A* Search,126,32,39919,40280776,1746611470088,"[1, 3, 8, 6, 14, 10, 2, 4, 0, 5, 7, 15, 13, 9, 12, 11]"
56,2,Greedy Best-First Search,26,28,71,26872016,1746611470258,"[1, 2, 0, 8, 7, 15, 4, 10, 6, 13, 14, 3, 5, 9, 12, 11]"
56,2,A* Search,50,28,328,27987104,1746611470258,"[1, 2, 0, 8, 7, 15, 4, 10, 6, 13, 14, 3, 5, 9, 12, 11]"
56,3,Greedy Best-First Search,52,140,9564,36407112,1746611470343,"[0, 8, 5, 3, 11, 2, 1, 7, 9, 15, 4, 10, 13, 6, 14, 12]"
56,3,A* Search,69,34,15381,38250232,1746611470343,"[0, 8, 5, 3, 11, 2, 1, 7, 9, 15, 4, 10, 13, 6, 14, 12]"
56,4,Greedy Best-First Search,37,64,1221,28579488,1746611470472,"[1, 2, 3, 6, 8, 14, 7, 4, 0, 13, 9, 12, 10, 5, 11, 15]"
56,4,A* Search,52,28,5474,30850504,1746611470472,"[1, 2, 3, 6, 8, 14, 7, 4, 0, 13, 9, 12, 10, 5, 11, 15]"
56,5,Greedy Best-First Search,58,84,4259,31475960,1746611470569,"[2, 4, 8, 9, 1, 5, 7, 3, 15, 10, 0, 11, 13, 6, 14, 12]"
56,5,A* Search,766,36,217222,95745936,1746611470569,"[2, 4, 8, 9, 1, 5, 7, 3, 15, 10, 0, 11, 13, 6, 14, 12]"
57,1,Greedy Best-First Search,30,73,2462,29732432,1746611471401,"[2, 0, 7, 3, 1, 10, 11, 4, 9, 5, 6, 8, 13, 14, 15, 12]"
57,1,A* Search,51,19,884,27413904,1746611471401,"[2, 0, 7, 3, 1, 10, 11, 4, 9, 5, 6, 8, 13, 14, 15, 12]"
57,2,Greedy Best-First Search,54,57,2740,29425912,1746611471491,"[1, 4, 10, 3, 5, 6, 8, 11, 13, 0, 9, 2, 14, 15, 7, 12]"
57,2,A* Search,76,29,12695,32263960,1746611471491,"[1, 4, 10, 3, 5, 6, 8, 11, 13, 0, 9, 2, 14, 15, 7, 12]"
57,3,Greedy Best-First Search,51,91,5556,32252040,1746611471629,"[6, 5, 11, 4, 3, 2, 0, 7, 14, 1, 13, 8, 15, 10, 9, 12]"
57,3,A* Search,179,35,43136,60265272,1746611471629,"[6, 5, 11, 4, 3, 2, 0, 7, 14, 1, 13, 8, 15, 10, 9, 12]"
57,4,Greedy Best-First Search,55,57,2270,29795608,1746611471870,"[1, 3, 8, 0, 5, 13, 4, 7, 14, 10, 2, 11, 6, 9, 15, 12]"
57,4,A* Search,82,27,3261,30828032,1746611471870,"[1, 3, 8, 0, 5, 13, 4, 7, 14, 10, 2, 11, 6, 9, 15, 12]"
57,5,Greedy Best-First Search,49,141,6901,34004816,1746611472020,"[1, 3, 14, 7, 6, 10, 4, 2, 9, 15, 12, 8, 13, 5, 0, 11]"
57,5,A* Search,215,33,46133,61719832,1746611472020,"[1, 3, 14, 7, 6, 10, 4, 2, 9, 15, 12, 8, 13, 5, 0, 11]"
58,1,Greedy Best-First Search,77,88,5866,32170472,1746611472295,"[2, 5, 3, 11, 1, 8, 13, 7, 14, 10, 0, 4, 15, 9, 6, 12]"
58,1,A* Search,967,38,263623,185163496,1746611472295,"[2, 5, 3, 11, 1, 8, 13, 7, 14, 10, 0, 4, 15, 9, 6, 12]"
58,2,Greedy Best-First Search,54,106,8012,32282032,1746611473348,"[1, 6, 8, 7, 11, 9, 2, 0, 10, 14, 4, 3, 5, 13, 15, 12]"
58,2,A* Search,121,32,31141,49754328,1746611473348,"[1, 6, 8, 7, 11, 9, 2, 0, 10, 14, 4, 3, 5, 13, 15, 12]"
58,3,Greedy Best-First Search,57,108,5519,33295240,1746611473533,"[2, 4, 13, 3, 1, 5, 8, 11, 14, 10, 0, 7, 6, 15, 9, 12]"
58,3,A* Search,3623,40,1079431,680672712,1746611473533,"[2, 4, 13, 3, 1, 5, 8, 11, 14, 10, 0, 7, 6, 15, 9, 12]"
58,4,Greedy Best-First Search,9,74,3081,30305480,1746611477232,"[1, 2, 3, 8, 5, 4, 12, 14, 10, 13, 9, 7, 6, 0, 11, 15]"
58,4,A* Search,82,32,59594,72894056,1746611477232,"[1, 2, 3, 8, 5, 4, 12, 14, 10, 13, 9, 7, 6, 0, 11, 15]"
58,5,Greedy Best-First Search,19,108,5907,33992112,1746611477328,"[1, 14, 0, 8, 5, 6, 3, 15, 13, 11, 12, 4, 9, 10, 2, 7]"
58,5,A* Search,2718,40,1311040,673898984,1746611477328,"[1, 14, 0, 8, 5, 6, 3, 15, 13, 11, 12, 4, 9, 10, 2, 7]"
59,1,Greedy Best-First Search,7,145,3402,31574536,1746611480070,"[1, 4, 2, 0, 13, 7, 8, 10, 14, 6, 11, 3, 5, 9, 15, 12]"
59,1,A* Search,563,37,322598,194791032,1746611480070,"[1, 4, 2, 0, 13, 7, 8, 10, 14, 6, 11, 3, 5, 9, 15, 12]"
59,2,Greedy Best-First Search,8,53,543,27770240,1746611480646,"[1, 6, 4, 7, 14, 8, 3, 2, 10, 0, 5, 15, 9, 13, 12, 11]"
59,2,A* Search,209,35,125990,69589896,1746611480646,"[1, 6, 4, 7, 14, 8, 3, 2, 10, 0, 5, 15, 9, 13, 12, 11]"
59,3,Greedy Best-First Search,15,69,1524,28750464,1746611480867,"[2, 5, 4, 14, 1, 7, 3, 9, 13, 15, 8, 0, 6, 10, 11, 12]"
59,3,A* Search,44,35,28305,39791776,1746611480867,"[2, 5, 4, 14, 1, 7, 3, 9, 13, 15, 8, 0, 6, 10, 11, 12]"
59,4,Greedy Best-First Search,9,103,3148,29833904,1746611480931,"[5, 1, 11, 0, 2, 8, 3, 14, 7, 13, 9, 4, 15, 6, 10, 12]"
59,4,A* Search,1481,43,737395,477732280,1746611480931,"[5, 1, 11, 0, 2, 8, 3, 14, 7, 13, 9, 4, 15, 6, 10, 12]"
59,5,Greedy Best-First Search,8,125,2419,30516904,1746611482426,"[1, 3, 8, 7, 6, 14, 0, 10, 9, 13, 2, 11, 4, 5, 15, 12]"
59,5,A* Search,688,39,388821,180148944,1746611482426,"[1, 3, 8, 7, 6, 14, 0, 10, 9, 13, 2, 11, 4, 5, 15, 12]"
60,1,Greedy Best-First Search,5,32,1406,28620752,1746611483127,"[5, 1, 4, 8, 2, 10, 6, 0, 14, 3, 7, 11, 9, 13, 15, 12]"
60,1,A* Search,12,22,609,28510904,1746611483127,"[5, 1, 4, 8, 2, 10, 6, 0, 14, 3, 7, 11, 9, 13, 15, 12]"
60,2,Greedy Best-First Search,6,112,1515,28487888,1746611483150,"[1, 15, 6, 8, 3, 2, 12, 7, 9, 13, 14, 5, 10, 0, 11, 4]"
60,2,A* Search,33949,46,14154516,6466232808,1746611483150,"[1, 15, 6, 8, 3, 2, 12, 7, 9, 13, 14, 5, 10, 0, 11, 4]"
60,3,Greedy Best-First Search,6,64,1254,31716968,1746611517109,"[1, 2, 3, 11, 5, 0, 4, 8, 14, 6, 13, 7, 15, 10, 9, 12]"
60,3,A* Search,18,28,6953,34514712,1746611517109,"[1, 2, 3, 11, 5, 0, 4, 8, 14, 6, 13, 7, 15, 10, 9, 12]"
60,4,Greedy Best-First Search,11,68,4128,30870816,1746611517150,"[1, 5, 8, 4, 6, 2, 3, 10, 9, 11, 12, 15, 13, 14, 7, 0]"
60,4,A* Search,2821,36,1425835,747299304,1746611517150,"[1, 5, 8, 4, 6, 2, 3, 10, 9, 11, 12, 15, 13, 14, 7, 0]"
60,5,Greedy Best-First Search,14,142,6653,33016344,1746611519987,"[1, 2, 11, 15, 5, 0, 7, 4, 6, 14, 13, 8, 10, 3, 9, 12]"
60,5,A* Search,138,36,94280,91141720,1746611519987,"[1, 2, 11, 15, 5, 0, 7, 4, 6, 14, 13, 8, 10, 3, 9, 12]"
61,1,Greedy Best-First Search,47,171,25870,55330536,1746611520144,"[1, 14, 4, 10, 0, 9, 3, 8, 13, 7, 15, 2, 6, 5, 12, 11]"
61,1,A* Search,680,41,380244,217548352,1746611520144,"[1, 14, 4, 10, 0, 9, 3, 8, 13, 7, 15, 2, 6, 5, 12, 11]"
61,2,Greedy Best-First Search,29,201,10864,38178632,1746611520877,"[2, 3, 9, 10, 8, 1, 5, 11, 15, 0, 14, 6, 7, 4, 13, 12]"
61,2,A* Search,879,47,484632,228385704,1746611520877,"[2, 3, 9, 10, 8, 1, 5, 11, 15, 0, 14, 6, 7, 4, 13, 12]"
61,3,Greedy Best-First Search,24,91,8059,33828096,1746611521791,"[2, 4, 7, 8, 1, 11, 3, 6, 15, 5, 13, 0, 10, 14, 9, 12]"
61,3,A* Search,918,39,505786,250888576,1746611521791,"[2, 4, 7, 8, 1, 11, 3, 6, 15, 5, 13, 0, 10, 14, 9, 12]"
61,4,Greedy Best-First Search,9,49,1438,29685968,1746611522741,"[5, 7, 3, 4, 2, 6, 0, 8, 14, 13, 11, 1, 9, 15, 10, 12]"
61,4,A* Search,56,31,32807,50938488,1746611522741,"[5, 7, 3, 4, 2, 6, 0, 8, 14, 13, 11, 1, 9, 15, 10, 12]"
61,5,Greedy Best-First Search,13,93,2941,30456616,1746611522813,"[4, 1, 3, 11, 2, 13, 5, 6, 14, 7, 8, 0, 15, 10, 9, 12]"
61,5,A* Search,3083,43,1503888,822409240,1746611522813,"[4, 1, 3, 11, 2, 13, 5, 6, 14, 7, 8, 0, 15, 10, 9, 12]"
62,1,Greedy Best-First Search,10,106,6078,33852056,1746611525914,"[1, 4, 0, 2, 9, 5, 8, 10, 11, 6, 3, 15, 13, 14, 12, 7]"
62,1,A* Search,168,34,109609,91045320,1746611525914,"[1, 4, 0, 2, 9, 5, 8, 10, 11, 6, 3, 15, 13, 14, 12, 7]"
62,2,Greedy Best-First Search,14,54,1225,28909632,1746611526097,"[3, 4, 0, 8, 2, 1, 7, 11, 13, 10, 9, 15, 6, 14, 5, 12]"
62,2,A* Search,24,32,8940,33386392,1746611526097,"[3, 4, 0, 8, 2, 1, 7, 11, 13, 10, 9, 15, 6, 14, 5, 12]"
62,3,Greedy Best-First Search,26,154,5553,34415440,1746611526141,"[2, 5, 4, 7, 1, 14, 9, 0, 10, 15, 11, 6, 8, 13, 3, 12]"
62,3,A* Search,1628,42,860056,391793584,1746611526141,"[2, 5, 4, 7, 1, 14, 9, 0, 10, 15, 11, 6, 8, 13, 3, 12]"
62,4,Greedy Best-First Search,11,72,4362,31093608,1746611527801,"[2, 4, 3, 8, 1, 10, 9, 7, 14, 13, 0, 11, 15, 5, 6, 12]"
62,4,A* Search,127,34,89994,93879680,1746611527801,"[2, 4, 3, 8, 1, 10, 9, 7, 14, 13, 0, 11, 15, 5, 6, 12]"
62,5,Greedy Best-First Search,15,100,5621,31763360,1746611527944,"[1, 6, 4, 3, 5, 0, 14, 8, 2, 13, 11, 7, 10, 9, 15, 12]"
62,5,A* Search,730,34,414147,197063440,1746611527944,"[1, 6, 4, 3, 5, 0, 14, 8, 2, 13, 11, 7, 10, 9, 15, 12]"
63,1,Greedy Best-First Search,6,53,860,28278848,1746611528695,"[5, 8, 4, 7, 2, 1, 3, 15, 13, 6, 14, 0, 10, 9, 11, 12]"
63,1,A* Search,190,35,111130,59942432,1746611528695,"[5, 8, 4, 7, 2, 1, 3, 15, 13, 6, 14, 0, 10, 9, 11, 12]"
63,2,Greedy Best-First Search,16,153,6469,33233440,1746611528896,"[1, 8, 6, 0, 3, 7, 10, 2, 5, 14, 4, 12, 9, 13, 11, 15]"
63,2,A* Search,80,33,49251,49804096,1746611528896,"[1, 8, 6, 0, 3, 7, 10, 2, 5, 14, 4, 12, 9, 13, 11, 15]"
63,3,Greedy Best-First Search,20,161,5805,33338544,1746611528997,"[7, 8, 6, 4, 3, 2, 11, 15, 13, 1, 5, 9, 10, 14, 0, 12]"
63,3,A* Search,17,35,4710,31247072,1746611528997,"[7, 8, 6, 4, 3, 2, 11, 15, 13, 1, 5, 9, 10, 14, 0, 12]"
63,4,Greedy Best-First Search,23,109,8841,35438752,1746611529040,"[1, 0, 11, 3, 10, 7, 6, 8, 2, 9, 14, 12, 5, 13, 4, 15]"
63,4,A* Search,1137,37,603366,383693128,1746611529040,"[1, 0, 11, 3, 10, 7, 6, 8, 2, 9, 14, 12, 5, 13, 4, 15]"
63,5,Greedy Best-First Search,7,35,757,29140264,1746611530204,"[1, 3, 2, 8, 14, 5, 7, 4, 6, 0, 10, 12, 9, 13, 11, 15]"
63,5,A* Search,47,27,29790,40523880,1746611530204,"[1, 3, 2, 8, 14, 5, 7, 4, 6, 0, 10, 12, 9, 13, 11, 15]"
64,1,Greedy Best-First Search,10,46,1107,28286184,1746611530263,"[2, 5, 3, 4, 1, 15, 7, 8, 13, 9, 10, 11, 6, 0, 14, 12]"
64,1,A* Search,13,20,485,28129832,1746611530263,"[2, 5, 3, 4, 1, 15, 7, 8, 13, 9, 10, 11, 6, 0, 14, 12]"
64,2,Greedy Best-First Search,6,104,2337,29232656,1746611530291,"[5, 1, 4, 10, 2, 8, 9, 11, 13, 15, 0, 7, 14, 3, 6, 12]"
64,2,A* Search,317,38,181756,88546360,1746611530291,"[5, 1, 4, 10, 2, 8, 9, 11, 13, 15, 0, 7, 14, 3, 6, 12]"
64,3,Greedy Best-First Search,15,68,1517,29597880,1746611530620,"[1, 4, 6, 10, 9, 5, 2, 3, 0, 14, 8, 15, 7, 13, 12, 11]"
64,3,A* Search,48,34,29924,42449856,1746611530620,"[1, 4, 6, 10, 9, 5, 2, 3, 0, 14, 8, 15, 7, 13, 12, 11]"
64,4,Greedy Best-First Search,15,64,3162,29319280,1746611530689,"[7, 2, 4, 8, 5, 0, 1, 11, 13, 3, 6, 9, 14, 15, 10, 12]"
64,4,A* Search,22,30,10478,35417656,1746611530689,"[7, 2, 4, 8, 5, 0, 1, 11, 13, 3, 6, 9, 14, 15, 10, 12]"
64,5,Greedy Best-First Search,15,94,5052,33234104,1746611530732,"[1, 2, 4, 8, 10, 6, 7, 14, 0, 3, 5, 12, 9, 13, 11, 15]"
64,5,A* Search,65,30,41233,42706752,1746611530732,"[1, 2, 4, 8, 10, 6, 7, 14, 0, 3, 5, 12, 9, 13, 11, 15]"
65,1,Greedy Best-First Search,12,109,3264,30122360,1746611530819,"[8, 7, 1, 5, 3, 2, 6, 4, 10, 13, 9, 11, 14, 15, 0, 12]"
65,1,A* Search,4706,43,2174609,1305291672,1746611530819,"[8, 7, 1, 5, 3, 2, 6, 4, 10, 13, 9, 11, 14, 15, 0, 12]"
65,2,Greedy Best-First Search,8,75,1658,32471336,1746611535541,"[5, 1, 8, 11, 2, 7, 0, 10, 14, 15, 4, 3, 13, 9, 6, 12]"
65,2,A* Search,64,35,42951,50904368,1746611535541,"[5, 1, 8, 11, 2, 7, 0, 10, 14, 15, 4, 3, 13, 9, 6, 12]"
65,3,Greedy Best-First Search,9,57,897,27691432,1746611535620,"[1, 2, 3, 8, 10, 4, 0, 14, 7, 6, 13, 15, 5, 9, 12, 11]"
65,3,A* Search,154,35,101169,103827040,1746611535620,"[1, 2, 3, 8, 10, 4, 0, 14, 7, 6, 13, 15, 5, 9, 12, 11]"
65,4,Greedy Best-First Search,4,49,538,27400552,1746611535787,"[5, 1, 8, 11, 2, 14, 7, 3, 10, 6, 15, 4, 9, 13, 0, 12]"
65,4,A* Search,118,33,79159,86699856,1746611535787,"[5, 1, 8, 11, 2, 14, 7, 3, 10, 6, 15, 4, 9, 13, 0, 12]"
65,5,Greedy Best-First Search,15,113,3658,32112144,1746611535918,"[1, 11, 2, 7, 9, 3, 0, 10, 6, 13, 14, 12, 8, 5, 4, 15]"
65,5,A* Search,121,39,74611,50144224,1746611535918,"[1, 11, 2, 7, 9, 3, 0, 10, 6, 13, 14, 12, 8, 5, 4, 15]"
66,1,Greedy Best-First Search,9,126,2569,29470368,1746611536060,"[1, 6, 7, 4, 8, 5, 14, 3, 0, 13, 12, 9, 2, 10, 11, 15]"
66,1,A* Search,19293,44,7990956,3219841512,1746611536060,"[1, 6, 7, 4, 8, 5, 14, 3, 0, 13, 12, 9, 2, 10, 11, 15]"
66,2,Greedy Best-First Search,26,86,1281,31865952,1746611555370,"[1, 6, 2, 7, 14, 9, 5, 3, 8, 15, 0, 4, 10, 13, 12, 11]"
66,2,A* Search,38,30,1848,30353032,1746611555370,"[1, 6, 2, 7, 14, 9, 5, 3, 8, 15, 0, 4, 10, 13, 12, 11]"
66,3,Greedy Best-First Search,27,62,1586,28861312,1746611555450,"[1, 8, 10, 4, 12, 0, 5, 3, 14, 13, 11, 7, 6, 9, 2, 15]"
66,3,A* Search,13461,44,3647949,1594435656,1746611555450,"[1, 8, 10, 4, 12, 0, 5, 3, 14, 13, 11, 7, 6, 9, 2, 15]"
66,4,Greedy Best-First Search,36,130,8970,37220832,1746611568949,"[0, 7, 11, 3, 2, 6, 1, 4, 13, 9, 8, 5, 14, 15, 10, 12]"
66,4,A* Search,151,34,57868,68161776,1746611568949,"[0, 7, 11, 3, 2, 6, 1, 4, 13, 9, 8, 5, 14, 15, 10, 12]"
66,5,Greedy Best-First Search,46,56,1505,29155648,1746611569146,"[1, 2, 6, 8, 5, 10, 7, 3, 13, 4, 15, 11, 14, 9, 12, 0]"
66,5,A* Search,33,26,4620,30312216,1746611569146,"[1, 2, 6, 8, 5, 10, 7, 3, 13, 4, 15, 11, 14, 9, 12, 0]"
67,1,Greedy Best-First Search,78,87,700,28356776,1746611569235,"[14, 7, 6, 5, 1, 15, 0, 3, 13, 9, 2, 8, 10, 4, 11, 12]"
67,1,A* Search,2833,43,802078,440025600,1746611569235,"[14, 7, 6, 5, 1, 15, 0, 3, 13, 9, 2, 8, 10, 4, 11, 12]"
67,2,Greedy Best-First Search,22,113,4069,30062792,1746611572156,"[1, 8, 2, 10, 0, 3, 15, 11, 14, 9, 13, 4, 6, 5, 12, 7]"
67,2,A* Search,999,43,291183,177486808,1746611572156,"[1, 8, 2, 10, 0, 3, 15, 11, 14, 9, 13, 4, 6, 5, 12, 7]"
67,3,Greedy Best-First Search,32,123,4943,33469480,1746611573186,"[1, 4, 3, 15, 11, 13, 10, 2, 5, 0, 12, 7, 14, 9, 6, 8]"
67,3,A* Search,10953,43,2883835,1540792208,1746611573186,"[1, 4, 3, 15, 11, 13, 10, 2, 5, 0, 12, 7, 14, 9, 6, 8]"
67,4,Greedy Best-First Search,79,199,14678,48662016,1746611584179,"[8, 3, 5, 15, 4, 1, 6, 11, 9, 2, 14, 0, 13, 7, 10, 12]"
67,4,A* Search,135,39,39472,47639720,1746611584179,"[8, 3, 5, 15, 4, 1, 6, 11, 9, 2, 14, 0, 13, 7, 10, 12]"
67,5,Greedy Best-First Search,85,85,912,28562432,1746611584410,"[1, 6, 2, 4, 9, 3, 0, 7, 8, 14, 13, 15, 10, 5, 12, 11]"
67,5,A* Search,102,33,33209,53081744,1746611584410,"[1, 6, 2, 4, 9, 3, 0, 7, 8, 14, 13, 15, 10, 5, 12, 11]"
68,1,Greedy Best-First Search,62,104,4471,32691032,1746611584604,"[1, 3, 4, 8, 2, 0, 14, 13, 10, 7, 15, 11, 5, 9, 6, 12]"
68,1,A* Search,191,34,54879,45062016,1746611584604,"[1, 3, 4, 8, 2, 0, 14, 13, 10, 7, 15, 11, 5, 9, 6, 12]"
68,2,Greedy Best-First Search,34,88,4621,30851984,1746611584866,"[1, 2, 11, 4, 5, 7, 10, 3, 9, 14, 8, 12, 6, 13, 15, 0]"
68,2,A* Search,122,28,26501,47358112,1746611584866,"[1, 2, 11, 4, 5, 7, 10, 3, 9, 14, 8, 12, 6, 13, 15, 0]"
68,3,Greedy Best-First Search,25,84,958,27944536,1746611585032,"[1, 15, 6, 2, 9, 7, 13, 14, 8, 3, 0, 12, 10, 5, 4, 11]"
68,3,A* Search,17697,48,4667040,2829771240,1746611585032,"[1, 15, 6, 2, 9, 7, 13, 14, 8, 3, 0, 12, 10, 5, 4, 11]"
68,4,Greedy Best-First Search,10,82,3423,33889752,1746611602762,"[1, 2, 4, 8, 7, 0, 10, 11, 5, 6, 15, 13, 9, 14, 12, 3]"
68,4,A* Search,82,32,54509,53049512,1746611602762,"[1, 2, 4, 8, 7, 0, 10, 11, 5, 6, 15, 13, 9, 14, 12, 3]"
68,5,Greedy Best-First Search,8,58,1921,28318320,1746611602862,"[1, 2, 3, 8, 13, 4, 11, 7, 5, 10, 15, 6, 9, 14, 12, 0]"
68,5,A* Search,75,30,53140,65944144,1746611602862,"[1, 2, 3, 8, 13, 4, 11, 7, 5, 10, 15, 6, 9, 14, 12, 0]"
69,1,Greedy Best-First Search,24,149,6549,34452168,1746611602953,"[1, 2, 15, 3, 5, 9, 7, 8, 6, 13, 4, 14, 11, 10, 0, 12]"
69,1,A* Search,743,37,417207,244640856,1746611602953,"[1, 2, 15, 3, 5, 9, 7, 8, 6, 13, 4, 14, 11, 10, 0, 12]"
69,2,Greedy Best-First Search,10,35,1515,28134184,1746611603728,"[1, 4, 10, 8, 5, 6, 2, 7, 9, 3, 15, 0, 13, 14, 12, 11]"
69,2,A* Search,11,23,1559,29039632,1746611603728,"[1, 4, 10, 8, 5, 6, 2, 7, 9, 3, 15, 0, 13, 14, 12, 11]"
69,3,Greedy Best-First Search,50,145,25697,46488968,1746611603755,"[3, 6, 7, 4, 5, 2, 15, 8, 13, 14, 11, 0, 1, 9, 10, 12]"
69,3,A* Search,64,31,39887,56339672,1746611603755,"[3, 6, 7, 4, 5, 2, 15, 8, 13, 14, 11, 0, 1, 9, 10, 12]"
69,4,Greedy Best-First Search,14,51,1993,29422984,1746611603876,"[1, 4, 8, 3, 14, 7, 0, 6, 2, 5, 10, 11, 9, 13, 15, 12]"
69,4,A* Search,9,25,1268,27682352,1746611603876,"[1, 4, 8, 3, 14, 7, 0, 6, 2, 5, 10, 11, 9, 13, 15, 12]"
69,5,Greedy Best-First Search,25,131,10970,37666904,1746611603904,"[1, 3, 8, 6, 14, 2, 0, 7, 9, 13, 12, 4, 10, 5, 11, 15]"
69,5,A* Search,24,31,17440,40397648,1746611603904,"[1, 3, 8, 6, 14, 2, 0, 7, 9, 13, 12, 4, 10, 5, 11, 15]"
70,1,Greedy Best-First Search,17,130,8283,35051632,1746611603959,"[1, 2, 3, 9, 8, 11, 7, 0, 15, 6, 14, 4, 13, 5, 10, 12]"
70,1,A* Search,353,38,204683,115224168,1746611603959,"[1, 2, 3, 9, 8, 11, 7, 0, 15, 6, 14, 4, 13, 5, 10, 12]"
70,2,Greedy Best-First Search,12,86,2990,30229328,1746611604334,"[1, 7, 2, 8, 6, 13, 11, 4, 14, 10, 15, 3, 9, 5, 12, 0]"
70,2,A* Search,13,30,6247,31281672,1746611604334,"[1, 7, 2, 8, 6, 13, 11, 4, 14, 10, 15, 3, 9, 5, 12, 0]"
70,3,Greedy Best-First Search,16,84,3376,30655264,1746611604365,"[3, 7, 2, 6, 1, 5, 4, 0, 10, 9, 11, 8, 13, 15, 14, 12]"
70,3,A* Search,214,32,131343,92592192,1746611604365,"[3, 7, 2, 6, 1, 5, 4, 0, 10, 9, 11, 8, 13, 15, 14, 12]"
70,4,Greedy Best-First Search,8,92,1760,28142808,1746611604600,"[1, 3, 8, 10, 13, 0, 2, 4, 6, 9, 12, 15, 5, 14, 7, 11]"
70,4,A* Search,97,34,61187,72554232,1746611604600,"[1, 3, 8, 10, 13, 0, 2, 4, 6, 9, 12, 15, 5, 14, 7, 11]"
70,5,Greedy Best-First Search,12,64,547,28236256,1746611604712,"[1, 8, 3, 7, 5, 0, 4, 10, 13, 9, 12, 14, 2, 6, 11, 15]"
70,5,A* Search,689,38,381776,208331240,1746611604712,"[1, 8, 3, 7, 5, 0, 4, 10, 13, 9, 12, 14, 2, 6, 11, 15]"
71,1,Greedy Best-First Search,20,147,9498,36932704,1746611605421,"[3, 11, 6, 4, 2, 1, 7, 8, 13, 0, 9, 5, 14, 15, 10, 12]"
71,1,A* Search,14,29,4732,30779848,1746611605421,"[3, 11, 6, 4, 2, 1, 7, 8, 13, 0, 9, 5, 14, 15, 10, 12]"
71,2,Greedy Best-First Search,12,47,1479,29139432,1746611605461,"[3, 7, 5, 11, 2, 1, 8, 10, 13, 14, 4, 0, 6, 15, 9, 12]"
71,2,A* Search,173,39,106485,75611616,1746611605461,"[3, 7, 5, 11, 2, 1, 8, 10, 13, 14, 4, 0, 6, 15, 9, 12]"
71,3,Greedy Best-First Search,12,61,2702,30235224,1746611605651,"[2, 11, 4, 3, 1, 5, 13, 8, 9, 0, 6, 15, 14, 10, 7, 12]"
71,3,A* Search,2311,37,1125367,680047384,1746611605651,"[2, 11, 4, 3, 1, 5, 13, 8, 9, 0, 6, 15, 14, 10, 7, 12]"
71,4,Greedy Best-First Search,5,81,1463,28406160,1746611607981,"[2, 0, 8, 11, 1, 5, 6, 4, 9, 14, 3, 7, 15, 10, 13, 12]"
71,4,A* Search,38,31,24021,38771720,1746611607981,"[2, 0, 8, 11, 1, 5, 6, 4, 9, 14, 3, 7, 15, 10, 13, 12]"
71,5,Greedy Best-First Search,12,99,2988,29829168,1746611608029,"[5, 1, 11, 3, 2, 7, 4, 13, 15, 10, 8, 0, 6, 9, 14, 12]"
71,5,A* Search,213,37,124364,60036840,1746611608029,"[5, 1, 11, 3, 2, 7, 4, 13, 15, 10, 8, 0, 6, 9, 14, 12]"
72,1,Greedy Best-First Search,6,84,1272,29103464,1746611608260,"[1, 3, 6, 11, 13, 14, 15, 4, 9, 7, 12, 8, 5, 10, 2, 0]"
72,1,A* Search,12185,44,5437105,2854937064,1746611608260,"[1, 3, 6, 11, 13, 14, 15, 4, 9, 7, 12, 8, 5, 10, 2, 0]"
72,2,Greedy Best-First Search,20,138,6540,36233304,1746611620455,"[1, 2, 0, 3, 4, 10, 9, 8, 14, 5, 6, 11, 15, 7, 13, 12]"
72,2,A* Search,2303,40,1160161,694578656,1746611620455,"[1, 2, 0, 3, 4, 10, 9, 8, 14, 5, 6, 11, 15, 7, 13, 12]"
72,3,Greedy Best-First Search,29,176,11284,36354768,1746611622789,"[5, 9, 0, 6, 2, 1, 3, 4, 15, 7, 13, 11, 10, 8, 14, 12]"
72,3,A* Search,512,40,274349,155396280,1746611622789,"[5, 9, 0, 6, 2, 1, 3, 4, 15, 7, 13, 11, 10, 8, 14, 12]"
72,4,Greedy Best-First Search,22,178,11799,40107136,1746611623336,"[1, 14, 0, 11, 8, 5, 15, 4, 3, 10, 6, 9, 7, 13, 12, 2]"
72,4,A* Search,28561,52,12208696,5379908072,1746611623336,"[1, 14, 0, 11, 8, 5, 15, 4, 3, 10, 6, 9, 7, 13, 12, 2]"
72,5,Greedy Best-First Search,4,40,322,31372384,1746611651924,"[1, 2, 0, 10, 6, 8, 4, 3, 5, 9, 15, 11, 13, 14, 12, 7]"
72,5,A* Search,4,22,294,29034664,1746611651924,"[1, 2, 0, 10, 6, 8, 4, 3, 5, 9, 15, 11, 13, 14, 12, 7]"
73,1,Greedy Best-First Search,12,103,2914,31017480,1746611651946,"[1, 4, 8, 11, 10, 15, 6, 9, 2, 14, 12, 7, 5, 13, 0, 3]"
73,1,A* Search,82,39,54682,53512872,1746611651946,"[1, 4, 8, 11, 10, 15, 6, 9, 2, 14, 12, 7, 5, 13, 0, 3]"
73,2,Greedy Best-First Search,22,67,2597,29389360,1746611652045,"[1, 2, 10, 3, 9, 5, 0, 11, 6, 13, 8, 4, 14, 15, 7, 12]"
73,2,A* Search,115,31,70979,80611560,1746611652045,"[1, 2, 10, 3, 9, 5, 0, 11, 6, 13, 8, 4, 14, 15, 7, 12]"
73,3,Greedy Best-First Search,12,133,5003,32820944,1746611652188,"[1, 7, 2, 10, 14, 11, 6, 5, 9, 0, 4, 3, 15, 13, 12, 8]"
73,3,A* Search,48,37,33529,51518360,1746611652188,"[1, 7, 2, 10, 14, 11, 6, 5, 9, 0, 4, 3, 15, 13, 12, 8]"
73,4,Greedy Best-First Search,17,97,3289,30847992,1746611652254,"[1, 8, 10, 6, 0, 3, 2, 14, 5, 13, 12, 4, 9, 7, 11, 15]"
73,4,A* Search,441,39,246885,156571440,1746611652254,"[1, 8, 10, 6, 0, 3, 2, 14, 5, 13, 12, 4, 9, 7, 11, 15]"
73,5,Greedy Best-First Search,31,79,6590,34167104,1746611652718,"[1, 0, 2, 3, 5, 8, 4, 12, 14, 13, 11, 7, 10, 9, 15, 6]"
73,5,A* Search,1372,37,699612,447508720,1746611652718,"[1, 0, 2, 3, 5, 8, 4, 12, 14, 13, 11, 7, 10, 9, 15, 6]"
74,1,Greedy Best-First Search,8,66,339,27801808,1746611654129,"[2, 8, 7, 6, 1, 9, 15, 4, 10, 13, 14, 11, 3, 0, 5, 12]"
74,1,A* Search,208,38,125135,65236280,1746611654129,"[2, 8, 7, 6, 1, 9, 15, 4, 10, 13, 14, 11, 3, 0, 5, 12]"
74,2,Greedy Best-First Search,10,90,963,28495120,1746611654352,"[1, 8, 5, 7, 13, 9, 6, 3, 2, 4, 0, 15, 14, 10, 12, 11]"
74,2,A* Search,76,36,49449,49741928,1746611654352,"[1, 8, 5, 7, 13, 9, 6, 3, 2, 4, 0, 15, 14, 10, 12, 11]"
74,3,Greedy Best-First Search,15,78,5035,31387848,1746611654443,"[1, 2, 8, 7, 5, 4, 11, 10, 14, 6, 13, 3, 15, 0, 9, 12]"
74,3,A* Search,71,34,49275,64164352,1746611654443,"[1, 2, 8, 7, 5, 4, 11, 10, 14, 6, 13, 3, 15, 0, 9, 12]"
74,4,Greedy Best-First Search,11,50,1961,29554656,1746611654540,"[1, 2, 4, 7, 13, 5, 3, 8, 0, 14, 10, 11, 9, 6, 15, 12]"
74,4,A* Search,6,20,516,27066240,1746611654540,"[1, 2, 4, 7, 13, 5, 3, 8, 0, 14, 10, 11, 9, 6, 15, 12]"
74,5,Greedy Best-First Search,11,110,1635,29140256,1746611654563,"[2, 5, 14, 6, 1, 7, 8, 3, 15, 9, 13, 4, 11, 0, 10, 12]"
74,5,A* Search,668,40,354534,173695872,1746611654563,"[2, 5, 14, 6, 1, 7, 8, 3, 15, 9, 13, 4, 11, 0, 10, 12]"
75,1,Greedy Best-First Search,14,145,4241,29754056,1746611655248,"[1, 3, 14, 5, 9, 7, 6, 8, 2, 4, 11, 12, 10, 13, 0, 15]"
75,1,A* Search,1010,39,541359,314468936,1746611655248,"[1, 3, 14, 5, 9, 7, 6, 8, 2, 4, 11, 12, 10, 13, 0, 15]"
75,2,Greedy Best-First Search,7,65,471,28996400,1746611656277,"[2, 5, 11, 6, 1, 15, 8, 3, 14, 9, 10, 4, 7, 13, 0, 12]"
75,2,A* Search,498,39,279443,167517976,1746611656277,"[2, 5, 11, 6, 1, 15, 8, 3, 14, 9, 10, 4, 7, 13, 0, 12]"
75,3,Greedy Best-First Search,11,87,2076,30057992,1746611656787,"[2, 6, 4, 8, 1, 9, 3, 15, 13, 0, 11, 14, 5, 7, 10, 12]"
75,3,A* Search,90,33,58628,47925272,1746611656787,"[2, 6, 4, 8, 1, 9, 3, 15, 13, 0, 11, 14, 5, 7, 10, 12]"
75,4,Greedy Best-First Search,8,93,2206,29117240,1746611656894,"[1, 3, 8, 14, 5, 10, 4, 6, 7, 0, 2, 12, 9, 13, 11, 15]"
75,4,A* Search,80,33,46362,61992864,1746611656894,"[1, 3, 8, 14, 5, 10, 4, 6, 7, 0, 2, 12, 9, 13, 11, 15]"
75,5,Greedy Best-First Search,10,53,683,28800296,1746611656987,"[5, 0, 8, 4, 2, 1, 11, 3, 13, 6, 15, 7, 14, 10, 9, 12]"
75,5,A* Search,60,31,42873,58780416,1746611656987,"[5, 0, 8, 4, 2, 1, 11, 3, 13, 6, 15, 7, 14, 10, 9, 12]"
76,1,Greedy Best-First Search,15,130,6090,33857688,1746611657063,"[11, 1, 7, 4, 2, 0, 3, 15, 13, 5, 8, 9, 6, 10, 14, 12]"
76,1,A* Search,161,36,97437,60690760,1746611657063,"[11, 1, 7, 4, 2, 0, 3, 15, 13, 5, 8, 9, 6, 10, 14, 12]"
76,2,Greedy Best-First Search,15,122,7249,33678984,1746611657245,"[1, 2, 7, 8, 5, 4, 10, 0, 6, 9, 3, 11, 14, 13, 15, 12]"
76,2,A* Search,311,32,172971,88585120,1746611657245,"[1, 2, 7, 8, 5, 4, 10, 0, 6, 9, 3, 11, 14, 13, 15, 12]"
76,3,Greedy Best-First Search,14,126,5346,32668440,1746611657577,"[7, 11, 8, 2, 1, 5, 6, 3, 9, 15, 0, 4, 14, 13, 10, 12]"
76,3,A* Search,351,36,205470,126041264,1746611657577,"[7, 11, 8, 2, 1, 5, 6, 3, 9, 15, 0, 4, 14, 13, 10, 12]"
76,4,Greedy Best-First Search,18,164,7457,36099376,1746611657948,"[1, 3, 10, 5, 8, 2, 13, 0, 7, 9, 4, 12, 14, 6, 11, 15]"
76,4,A* Search,262,40,165343,103085160,1746611657948,"[1, 3, 10, 5, 8, 2, 13, 0, 7, 9, 4, 12, 14, 6, 11, 15]"
76,5,Greedy Best-First Search,15,34,260,28738248,1746611658233,"[1, 3, 0, 4, 5, 2, 11, 7, 14, 10, 15, 6, 9, 8, 13, 12]"
76,5,A* Search,11,24,1216,27592856,1746611658233,"[1, 3, 0, 4, 5, 2, 11, 7, 14, 10, 15, 6, 9, 8, 13, 12]"
77,1,Greedy Best-First Search,11,97,2065,28923864,1746611658264,"[1, 0, 10, 8, 9, 7, 5, 2, 3, 14, 4, 11, 15, 13, 6, 12]"
77,1,A* Search,86,37,56505,69513208,1746611658264,"[1, 0, 10, 8, 9, 7, 5, 2, 3, 14, 4, 11, 15, 13, 6, 12]"
77,2,Greedy Best-First Search,8,61,917,28130232,1746611658367,"[5, 1, 15, 4, 2, 7, 14, 8, 10, 11, 6, 3, 9, 13, 0, 12]"
77,2,A* Search,72,33,52041,65220672,1746611658367,"[5, 1, 15, 4, 2, 7, 14, 8, 10, 11, 6, 3, 9, 13, 0, 12]"
77,3,Greedy Best-First Search,15,115,2546,30300920,1746611658453,"[1, 2, 4, 10, 5, 15, 9, 13, 6, 0, 11, 14, 7, 8, 3, 12]"
77,3,A* Search,27679,49,11787714,5658829288,1746611658453,"[1, 2, 4, 10, 5, 15, 9, 13, 6, 0, 11, 14, 7, 8, 3, 12]"
77,4,Greedy Best-First Search,7,121,3600,31457280,1746611686154,"[1, 0, 8, 10, 14, 6, 2, 5, 7, 13, 15, 4, 9, 11, 12, 3]"
77,4,A* Search,49,39,38991,59721840,1746611686154,"[1, 0, 8, 10, 14, 6, 2, 5, 7, 13, 15, 4, 9, 11, 12, 3]"
77,5,Greedy Best-First Search,31,197,13514,41677112,1746611686228,"[1, 3, 10, 5, 6, 14, 4, 2, 8, 0, 15, 11, 9, 13, 12, 7]"
77,5,A* Search,345,39,206510,130273816,1746611686228,"[1, 3, 10, 5, 6, 14, 4, 2, 8, 0, 15, 11, 9, 13, 12, 7]"
78,1,Greedy Best-First Search,13,146,4690,32774120,1746611686610,"[1, 7, 10, 4, 14, 13, 8, 5, 6, 9, 15, 3, 11, 0, 12, 2]"
78,1,A* Search,8344,46,4013568,1667949032,1746611686610,"[1, 7, 10, 4, 14, 13, 8, 5, 6, 9, 15, 3, 11, 0, 12, 2]"
78,2,Greedy Best-First Search,5,42,803,29744400,1746611694973,"[1, 2, 6, 11, 5, 10, 4, 7, 9, 15, 0, 3, 13, 8, 14, 12]"
78,2,A* Search,5,24,1330,28748144,1746611694973,"[1, 2, 6, 11, 5, 10, 4, 7, 9, 15, 0, 3, 13, 8, 14, 12]"
78,3,Greedy Best-First Search,21,136,8184,36357152,1746611694989,"[3, 11, 5, 7, 2, 1, 4, 15, 6, 9, 0, 8, 13, 14, 10, 12]"
78,3,A* Search,255,36,160635,115680432,1746611694989,"[3, 11, 5, 7, 2, 1, 4, 15, 6, 9, 0, 8, 13, 14, 10, 12]"
78,4,Greedy Best-First Search,11,72,1731,29428464,1746611695270,"[1, 8, 2, 3, 7, 4, 10, 13, 0, 6, 5, 11, 9, 14, 15, 12]"
78,4,A* Search,245,36,142663,84302664,1746611695270,"[1, 8, 2, 3, 7, 4, 10, 13, 0, 6, 5, 11, 9, 14, 15, 12]"
78,5,Greedy Best-First Search,12,68,2183,29711760,1746611695540,"[1, 10, 8, 2, 13, 0, 6, 3, 14, 9, 4, 12, 7, 5, 11, 15]"
78,5,A* Search,16,32,8502,33139600,1746611695540,"[1, 10, 8, 2, 13, 0, 6, 3, 14, 9, 4, 12, 7, 5, 11, 15]"
79,1,Greedy Best-First Search,12,55,629,28352120,1746611695573,"[5, 1, 4, 11, 2, 6, 8, 7, 14, 13, 10, 0, 9, 15, 3, 12]"
79,1,A* Search,12,29,4815,30810224,1746611695573,"[5, 1, 4, 11, 2, 6, 8, 7, 14, 13, 10, 0, 9, 15, 3, 12]"
79,2,Greedy Best-First Search,12,103,2609,29355168,1746611695603,"[1, 2, 6, 11, 0, 4, 9, 8, 14, 10, 5, 3, 13, 15, 7, 12]"
79,2,A* Search,469,37,258620,92534840,1746611695603,"[1, 2, 6, 11, 0, 4, 9, 8, 14, 10, 5, 3, 13, 15, 7, 12]"
79,3,Greedy Best-First Search,30,155,12371,36870872,1746611696090,"[1, 0, 11, 4, 6, 5, 2, 10, 7, 8, 12, 9, 13, 14, 3, 15]"
79,3,A* Search,4893,41,2309189,1386930664,1746611696090,"[1, 0, 11, 4, 6, 5, 2, 10, 7, 8, 12, 9, 13, 14, 3, 15]"
79,4,Greedy Best-First Search,9,155,2835,31216192,1746611701018,"[1, 4, 5, 7, 0, 14, 2, 11, 15, 9, 6, 3, 10, 13, 12, 8]"
79,4,A* Search,11,33,1777,30214968,1746611701018,"[1, 4, 5, 7, 0, 14, 2, 11, 15, 9, 6, 3, 10, 13, 12, 8]"
79,5,Greedy Best-First Search,11,95,1839,28715896,1746611701045,"[7, 1, 4, 15, 2, 6, 11, 10, 14, 13, 3, 0, 8, 9, 5, 12]"
79,5,A* Search,31298,49,13317813,5902098920,1746611701045,"[7, 1, 4, 15, 2, 6, 11, 10, 14, 13, 3, 0, 8, 9, 5, 12]"
80,1,Greedy Best-First Search,10,132,4364,35814104,1746611732360,"[1, 7, 3, 15, 12, 0, 14, 11, 10, 5, 13, 8, 9, 6, 2, 4]"
80,1,A* Search,26952,48,11653580,5352645096,1746611732360,"[1, 7, 3, 15, 12, 0, 14, 11, 10, 5, 13, 8, 9, 6, 2, 4]"
80,2,Greedy Best-First Search,8,78,1779,32472328,1746611759338,"[1, 2, 4, 7, 9, 14, 3, 0, 6, 5, 12, 15, 13, 10, 8, 11]"
80,2,A* Search,18,28,8860,33856752,1746611759338,"[1, 2, 4, 7, 9, 14, 3, 0, 6, 5, 12, 15, 13, 10, 8, 11]"
80,3,Greedy Best-First Search,12,136,5414,33142448,1746611759379,"[2, 3, 7, 5, 6, 8, 1, 0, 15, 10, 9, 4, 14, 11, 13, 12]"
80,3,A* Search,31413,46,13028295,5390393832,1746611759379,"[2, 3, 7, 5, 6, 8, 1, 0, 15, 10, 9, 4, 14, 11, 13, 12]"
80,4,Greedy Best-First Search,21,148,11112,46591776,1746611790810,"[1, 6, 11, 14, 2, 0, 3, 10, 15, 13, 5, 4, 9, 7, 12, 8]"
80,4,A* Search,11130,46,3780964,1979401112,1746611790810,"[1, 6, 11, 14, 2, 0, 3, 10, 15, 13, 5, 4, 9, 7, 12, 8]"
80,5,Greedy Best-First Search,33,126,5315,31789224,1746611801976,"[1, 4, 8, 9, 5, 2, 15, 11, 14, 13, 3, 6, 10, 7, 12, 0]"
80,5,A* Search,226,38,70698,71752176,1746611801976,"[1, 4, 8, 9, 5, 2, 15, 11, 14, 13, 3, 6, 10, 7, 12, 0]"
